str,en_US,en,fr,it,de,nl,es,cy,ca,zh,
event_management,Event Management,Event Management,Gestion d'événements,Gestione eventi,Veranstaltungsmanagement,Evenementenbeheer,Gestión de eventos,Rheoli Digwyddiadau,,活动管理,
configure_bookable_events_and_see_their_schedules,Configure bookable events and see their schedules,Configure bookable events and see their schedules,Configurez des événements réservables et consultez leurs horaires,Configura gli eventi prenotabili e visualizza i loro programmi,Buchbare Events konfigurieren und deren Termine einsehen,Configureer boekbare evenementen en bekijk hun schema's,Configurar eventos reservables y ver sus horarios,Ffurfweddu digwyddiadau y gellir eu harchebu a gweld eu hamserlenni,,配置可预订的活动并查看其日程安排,
create_event,Create event,Create event,Créer un événement,Crea evento,Ereignis erstellen,Evenement maken,Crear evento,Creu digwyddiad,,创建活动,
edit_event,Edit event,Edit event,Modifier l'événement,Modifica evento,Ereignis bearbeiten,Gebeurtenis bewerken,Editar evento,Golygu digwyddiad,,编辑活动,
are_you_sure_you_want_to_close,"Are you sure, you want to close","Are you sure, you want to close",Etes-vous sûr de vouloir fermer,Sei sicuro di voler chiudere?,"Sind Sie sicher, dass Sie schließen möchten",Weet u zeker dat u wilt sluiten?,¿Estás seguro que deseas cerrar?,"Ydych chi'n si≈µr, rydych chi am gau",,您确定要关闭吗,
are_you_sure_you_want_to_reset_fields,"Are you sure, you want to reset fields","Are you sure, you want to reset fields",Etes-vous sûr de vouloir réinitialiser les champs,Sei sicuro di voler reimpostare i campi?,"Sind Sie sicher, dass Sie die Felder zurücksetzen möchten?",Weet u zeker dat u de velden wilt resetten?,¿Estás seguro de que deseas restablecer los campos?,"Ydych chi'n si≈µr, rydych chi am ailosod meysydd",,您确定要重置字段吗,
are_you_sure_you_want_to_delete_,"Are you sure, you want to delete","Are you sure, you want to delete",Etes-vous sûr de vouloir supprimer,Sei sicuro di voler eliminare,"Sind Sie sicher, dass Sie löschen möchten",Weet u zeker dat u wilt verwijderen?,¿Estás seguro que deseas eliminar?,"Ydych chi'n si≈µr, rydych chi am ddileu",,您确定要删除吗,
are_you_sure_you_want_to_?,"Are you sure, you want to ?","Are you sure, you want to ?",Etes-vous sûr de vouloir ?,Sei sicuro di volerlo fare?,"Sind Sie sicher, dass Sie das möchten?",Weet je het zeker?,¿Estás seguro que quieres?,"Ydych chi'n si≈µr, rydych chi eisiau?",,您确定要这么做吗？,
search_location,Search Location,Search Location,Emplacement de la recherche,Cerca posizione,Ort suchen,Zoeklocatie,Buscar ubicación,Lleoliad Chwilio,,搜索地点,
no_place_found,No place found,No Place found,Aucun lieu trouvé,Nessun posto trovato,Kein Ort gefunden,Geen plaats gevonden,No se encontró ningún lugar,Heb ganfod Lle,,未找到地点,
event_gallery_images,Event gallery images,Event gallery images,Images de la galerie d'événements,Immagini della galleria degli eventi,Bilder der Eventgalerie,Afbeeldingen van evenementengalerijen,Imágenes de la galería de eventos,Delweddau oriel digwyddiadau,,活动图库图片,
png_jpeg_and_images_should_be_less_than_15_mb,"PNG, JPEG and Images should be up to 300 KB","PNG, JPEG and Images should be upto 300 KB","Les fichiers PNG, JPEG et les images doivent peser jusqu'à 300 Ko","PNG, JPEG e le immagini devono essere fino a 300 KB","PNG, JPEG und Bilder sollten bis zu 300 KB groß sein","PNG, JPEG en afbeeldingen moeten maximaal 300 KB groot zijn","PNG, JPEG y las imágenes deben tener hasta 300 KB","Dylai PNG, JPEG a Delweddau fod yn llai na 15 MB",,PNG、JPEG 和图像最大尺寸应为 300 KB,
add_more_images,Add more Images,Add more Images,Ajouter plus d'images,Aggiungi altre immagini,Weitere Bilder hinzufügen,Voeg meer afbeeldingen toe,Añadir más imágenes,Ychwanegu mwy o luniau,,添加更多图片,
add_event_gallery_images_drop_file_here,Add Event gallery images Drop file here,Add Event gallery images Drop file here,Ajouter des images de la galerie d'événements Déposez le fichier ici,Aggiungi immagini alla galleria eventi Trascina il file qui,Bilder aus der Eventgalerie hinzufügen Datei hier ablegen,Voeg afbeeldingen van evenementengalerijen toe. Sleep het bestand hierheen.,Agregar imágenes de la galería de eventos Soltar archivo aquí,Ychwanegu lluniau oriel Digwyddiad Gollyngwch ffeil yma,,添加活动图库图像将文件拖放到此处,
select_event_admin,Select Event Admin,Select Event Admin,Sélectionnez l'administrateur de l'événement,Seleziona Amministratore evento,Wählen Sie „Event Admin“,Selecteer Gebeurtenisbeheerder,Seleccionar administrador de eventos,Dewiswch Gweinyddwr Digwyddiad,,选择活动管理员,
done,Done,Done,Fait,Fatto,Erledigt,Klaar,Hecho,Wedi'i wneud,,完毕,
search_interest,Search Interest,Search Interest,Intérêt de recherche,Interesse di ricerca,Suchinteresse,Zoekinteresse,Interés de búsqueda,Chwilio Diddordeb,,搜索兴趣,
search_record_not_found,Search record not found,Search record not found.,Enregistrement de recherche non trouvé.,Record di ricerca non trovato.,Suchdatensatz nicht gefunden.,Zoekresultaat niet gevonden.,No se encontró el registro de búsqueda.,Ni chanfuwyd y cofnod chwilio.,,未找到搜索记录。,
search_tag,Search Tag,Search Tag,Rechercher une balise,Cerca tag,Such-Tag,Zoektag,Etiqueta de búsqueda,Tag Chwilio,,搜索标签,
tag_name,Tag name,Tag name,Nom de la balise,Nome del tag,Tag-Name,Tagnaam,Nombre de la etiqueta,Enw tag,,标签名称,
search_record_not_found_,Search record not found,Search record not found.,Enregistrement de recherche non trouvé.,Record di ricerca non trovato.,Suchdatensatz nicht gefunden.,Zoekresultaat niet gevonden.,No se encontró el registro de búsqueda.,Ni chanfuwyd y cofnod chwilio.,,未找到搜索记录。,
search_event_admin,Search Event Admin,Search Event Admin,Rechercher l'administrateur de l'événement,Cerca Amministratore Eventi,Suche Event Admin,Zoek Evenementbeheerder,Buscar administrador de eventos,Chwilio Gweinyddwr Digwyddiad,,搜索活动管理员,
slots,Slots,Slots,Machines à sous,Slot,Spielautomaten,Slots,Tragamonedas,Slotiau,,插槽,
for,for,for,pour,per,für,voor,para,canys,,为了,
slot_are_present_please_select_other_slot_times,"slot are present, please select other slot times","slot are present, please select other slot times","des créneaux horaires sont présents, veuillez sélectionner d'autres créneaux horaires","sono presenti slot, seleziona altri orari di slot","Slot vorhanden sind, wählen Sie bitte andere Slot-Zeiten","slots zijn aanwezig, selecteer dan andere slottijden","Hay espacios disponibles, seleccione otros horarios","slot yn bresennol, dewiswch amseroedd slot eraill",,有空位，请选择其他空位时间,
cancel,Cancel,Cancel,Annuler,Cancellare,Stornieren,Annuleren,Cancelar,Canslo,,取消,
archive,Archive,Archive,Archive,Archivio,Archiv,Archief,Archivo,Archif,,档案,
please_try_again,Please try again,Please try again,Veuillez réessayer,Per favore riprova,Bitte versuchen Sie es erneut,Probeer het opnieuw,"Por favor, inténtalo de nuevo",Ceisiwch eto,,请重试,
select_event_date,Select Event Date,Select Event Date,Sélectionnez la date de l'événement,Seleziona la data dell'evento,Wählen Sie das Veranstaltungsdatum,Selecteer evenementdatum,Seleccionar fecha del evento,Dewiswch Dyddiad Digwyddiad,,选择活动日期,
memberships,Memberships,Memberships,Adhésions,Associazioni,Mitgliedschaften,Lidmaatschappen,Membresías,Aelodaeth,,会员资格,
full,full,full,complet,pieno,voll,vol,lleno,llawn,,满的,
enable_benefits_of_this_membership,Enable benefits of this membership,Enable benefits of this membership,Activer les avantages de cette adhésion,Abilita i vantaggi di questa iscrizione,Aktivieren Sie die Vorteile dieser Mitgliedschaft,Profiteer van de voordelen van dit lidmaatschap,Habilitar los beneficios de esta membresía,Galluogi buddion yr aelodaeth hon,,启用此会员资格的福利,
update,Update,Update,Mise à jour,Aggiornamento,Aktualisieren,Update,Actualizar,Diweddariad,,更新,
close,Close,Close,Fermer,Vicino,Schließen,Dichtbij,Cerca,Cau,,关闭,
enable_digital_keys_for_membership,Enable Digital Keys for membership,Enable Digital Keys for membership,Activer les clés numériques pour l'adhésion,Abilita le chiavi digitali per l'iscrizione,Digitale Schlüssel für die Mitgliedschaft aktivieren,Digitale sleutels inschakelen voor lidmaatschap,Habilitar claves digitales para la membresía,Galluogi Allweddi Digidol ar gyfer aelodaeth,,启用会员数字钥匙,
all_user_group,All User Group,All User Group,Tous les groupes d'utilisateurs,Tutti i gruppi di utenti,Alle Benutzergruppen,Alle gebruikersgroepen,Todos los grupos de usuarios,Pob Gr≈µp Defnyddwyr,,所有用户组,
create_new_membership,Create new Membership,Create new Membership,Créer une nouvelle adhésion,Crea una nuova iscrizione,Neue Mitgliedschaft erstellen,Nieuw lidmaatschap aanmaken,Crear nueva membresía,Creu Aelodaeth newydd,,创建新会员资格,
update_membership,Update Membership,Update Membership,Mettre à jour l'adhésion,Aggiorna l'iscrizione,Mitgliedschaft aktualisieren,Lidmaatschap bijwerken,Actualizar membresía,Diweddaru Aelodaeth,,更新会员资格,
record_not_found,record not found,record not found.,enregistrement non trouvé.,record non trovato.,Datensatz nicht gefunden.,record niet gevonden.,registro no encontrado,cofnod heb ei ddarganfod.,,未找到记录。,
select_locations,Select Locations,Select Locations,Sélectionner des emplacements,Seleziona le posizioni,Standorte auswählen,Selecteer locaties,Seleccione ubicaciones,Dewiswch Lleoliadau,,选择地点,
search_location,Search location,Search location,Emplacement de recherche,Cerca posizione,Suchort,Zoeklocatie,Ubicación de búsqueda,Chwilio lleoliad,,搜索位置,
monthly_and_yearly,Monthly and Yearly,Monthly and Yearly,Mensuel et annuel,Mensile e annuale,Monatlich und jährlich,Maandelijks en jaarlijks,Mensual y anual,Misol a Blynyddol,,每月和每年,
edit,Edit,Edit,Modifier,Modificare,Bearbeiten,Bewerking,Editar,Golygu,,编辑,
clone,Clone,Clone,Cloner,Clone,Klon,Kloon,Clon,Cl√¥n,,克隆,
deactivate,Deactivate,Deactivate,Désactiver,Disattivare,Deaktivieren,Deactiveren,Desactivar,Dadactifadu,,停用,
publish,Publish,Publish,Publier,Pubblicare,Veröffentlichen,Publiceren,Publicar,Cyhoeddi,,发布,
all_location,All Location,All Location,Tous les emplacements,Tutte le posizioni,Alle Standorte,Alle locaties,Todas las ubicaciones,Pob Lleoliad,,所有地点,
view,View,View,Voir,Visualizzazione,Sicht,Weergave,Vista,Golwg,,看法,
discount,Discount,Discount,Rabais,Sconto,Rabatt,Korting,Descuento,Gostyngiad,,折扣,
enter_a_description_string,Enter a description string,Enter a description string,Entrez une chaîne de description,Inserisci una stringa descrittiva,Geben Sie eine Beschreibungszeichenfolge ein,Voer een beschrijvingsreeks in,Introduzca una cadena de descripción,Rhowch linyn disgrifiad,,输入描述字符串,
check,check,check,vérifier,controllo,überprüfen,rekening,controlar,gwirio,,查看,
select,select,select,sélectionner,selezionare,wählen,selecteren,seleccionar,dewis,,选择,
total_payment_processed,Total Payment Processed,Total Payment Processed,Paiement total traité,Pagamento totale elaborato,Gesamtzahlung verarbeitet,Totaal verwerkte betaling,Pago total procesado,Cyfanswm Taliad wedi'i Brosesu,,已处理付款总额,
revenue_collected,Revenue Collected,Revenue Collected,Recettes collectées,Entrate raccolte,Erwirtschaftete Einnahmen,Ontvangen inkomsten,Ingresos recaudados,Refeniw a Gasglwyd,,收入,
total_vat_collected,Total taxes collected,Total VAT collected,Total de la TVA collectée,Totale IVA riscossa,Gesamte eingenommene Mehrwertsteuer,Totaal geïnde BTW,IVA total recaudado,Cyfanswm y TAW a gasglwyd,,增值税总额,
total_payments,Total Payments,Total Payments,Total des paiements,Pagamenti totali,Gesamtzahlungen,Totale betalingen,Pagos totales,Cyfanswm Taliadau,,总付款,
are_you_sure_you_want_cancel,"Are you sure, you want cancel?","Are you sure, you want cancel",Etes-vous sûr de vouloir annuler,Sei sicuro di voler annullare?,"Sind Sie sicher, dass Sie abbrechen möchten?",Weet u zeker dat u wilt annuleren?,¿Estás seguro que deseas cancelar?,"Ydych chi'n si≈µr, rydych chi eisiau canslo",,您确定要取消吗？,
vote,Vote,Vote,Voter,Votare,Abstimmung,Stemmen,Votar,Pleidlais,,投票,
no_answer,No answer,No answer,Pas de réponse,Nessuna risposta,Keine Antwort,Geen antwoord,No hay respuesta,Dim ateb,,没有答案,
option_selection,option_selection,option_selection,sélection_d'options,opzione_selezione,Optionsauswahl,optie_selectie,selección de opciones,dewis_dewis,,选项选择,
option_is_required,Option is required,Option is required,L'option est obligatoire,L'opzione è obbligatoria,Option ist erforderlich,Optie is vereist,La opción es obligatoria,Mae angen opsiwn,,必须选择,
please_add_two_options_at_least,Please add two options at least,Please add two options at least,Veuillez ajouter au moins deux options,Si prega di aggiungere almeno due opzioni,Bitte fügen Sie mindestens zwei Optionen hinzu,Voeg minimaal twee opties toe,Por favor agregue al menos dos opciones,Ychwanegwch ddau opsiwn o leiaf,,请至少添加两个选项,
no,No,No,Non,NO,NEIN,Nee,No,Nac ydw,,不,
yes,Yes,Yes,Oui,SÌ,Ja,Ja,Sí,Oes,,是的,
will_be_activate_for,will be active for,will be activate for,sera activé pour,sarà attivato per,wird aktiviert für,wordt geactiveerd voor,se activará para,yn cael ei actifadu ar gyfer,,将被激活,
audience_poll_question,Audience Poll Question,Audience Poll Question,Question du sondage d'audience,Domanda del sondaggio del pubblico,Frage zur Publikumsumfrage,Publiekspeilingvraag,Pregunta de la encuesta de audiencia,Cwestiwn P√¥l Cynulleidfa,,观众投票问题,
activate_instantly,Activate Instantly,Activate Instantly,Activer instantanément,Attiva istantaneamente,Sofort aktivieren,Direct activeren,Activar instantáneamente,Ysgogi ar unwaith,,立即激活,
all_pollspolls,"All,_polls,Polls","All,_polls,Polls","Tous,_sondages,Sondages","Tutti,_sondaggi,Sondaggi","Alle,_Umfragen,Umfragen","Alle,_polls,Peilingen","Todo,_encuestas,Encuestas","Pawb, _p√¥l, Etholiadau",,全部、_polls、民意调查,
members,Members,Members,Membres,Membri,Mitglieder,Leden,Miembros,Aelodau,,成员,
ok,ok,ok,d'accord,OK,OK,OK,OK,iawn,,好的,
festivals,Festivals,Festivals,Festivals,Festival,Festivals,Feesten,Festivales,Gwyliau,,节日,
search_events_by_name,Search Events by name,Search Events by name,Rechercher des événements par nom,Cerca eventi per nome,Suchen Sie nach Ereignissen nach Namen,Zoek evenementen op naam,Buscar eventos por nombre,Chwilio Digwyddiadau yn √¥l enw,,按名称搜索活动,
are_you_sure_you_want_to,"Are you sure, you want to","Are you sure, you want to",Etes-vous sûr de vouloir,Sei sicuro di volerlo?,"Sind Sie sicher, dass Sie",Weet je zeker dat je dat wilt?,¿Estás seguro que quieres?,"Ydych chi'n si≈µr, rydych chi eisiau",,你确定要,
something_went_wrong,Something went wrong,Something went wrong,Quelque chose s'est mal passé,Qualcosa è andato storto,Da ist etwas schiefgelaufen,Er is iets misgegaan,Algo salió mal,Aeth rhywbeth o'i le,,出了点问题,
accepted_on,Accepted On,Accepted On,Accepté le,Accettato il,Akzeptiert am,Geaccepteerd op,Aceptado el,Derbyniwyd Ar,,接受日期,
all,All,All,Tous,Tutto,Alle,Alle,Todo,Pawb,,全部,
issue_reporting,issue_reporting,issue_reporting,signalement_de_problèmes,segnalazione_problema,Problemberichterstattung,probleemrapportage,informe de problemas,adrodd_fater,,问题报告,
helpdesk,Helpdesk,Helpdesk,Service d'assistance,Servizio di assistenza,Helpdesk,Helpdesk,Mesa de ayuda,Desg gymorth,,帮助台,
search_by_keyword,Search by keyword,Search by keyword,Recherche par mot-clé,Cerca per parola chiave,Suche nach Stichwort,Zoeken op trefwoord,Buscar por palabra clave,Chwilio yn √¥l allweddair,,按关键字搜索,
marked_the_issue_as_completed,marked the issue as completed,marked the issue as completed,a marqué le problème comme terminé,ha contrassegnato il problema come completato,das Problem als erledigt markiert,markeerde het probleem als voltooid,marcó el problema como completado,nodi bod y mater wedi'i gwblhau,,将问题标记为已完成,
on_behalf_of,on behalf of,on behalf of,au nom de,per conto di,im Namen von,namens,a nombre de,ar ran,,代表,
waiting_to_be_assigned,Waiting to be assigned,Waiting to be assigned,En attente d'être affecté,In attesa di essere assegnato,Warten auf Zuweisung,Wacht op toewijzing,Esperando ser asignado,Aros i gael ei aseinio,,等待分配,
waiting_for_your_response,Waiting for your response,Waiting for your response,En attente de votre réponse,In attesa della tua risposta,Warten auf Ihre Antwort,Wacht op uw reactie,Esperando tu respuesta,Aros am eich ymateb,,等待您的回复,
no_image,No Image,No Image,Aucune image,Nessuna immagine,Kein Bild,Geen afbeelding,Sin imagen,Dim Delwedd,,无图像,
new_issue,New Issue,New Issue,Nouveau numéro,Nuovo numero,Neue Ausgabe,Nieuwe uitgave,Nueva edición,Rhifyn Newydd,,新问题,
urgent,Urgent,Urgent,Urgent,Urgente,Dringend,Dringend,Urgente,Brys,,紧迫的,
reported_by_customer,reported by customer,reported by customer,signalé par le client,segnalato dal cliente,vom Kunden gemeldet,gerapporteerd door klant,reportado por el cliente,adroddwyd gan y cwsmer,,客户报告,
no_chat_found,No Chat found,No Chat found,Aucune discussion trouvée,Nessuna chat trovata,Kein Chat gefunden,Geen chat gevonden,No se encontró ningún chat,Heb ganfod Sgwrs,,未找到聊天记录,
reported_issue_tickets,Reported Issue Tickets,Reported Issue Tickets,Tickets de problèmes signalés,Ticket di problemi segnalati,Gemeldete Problemtickets,Gerapporteerde probleemtickets,Tickets de problemas reportados,Tocynnau Rhifyn a Adroddwyd,,已报告问题票,
my_issues,My Issues,My Issues,Mes problèmes,I miei problemi,Meine Probleme,Mijn problemen,Mis problemas,Fy Materion,,我的问题,
date_should_be_in_range,Date should be in range,Date should be in range,La date doit être comprise dans la plage,La data dovrebbe essere compresa nell'intervallo,Das Datum sollte im Bereich liegen,Datum moet binnen het bereik vallen,La fecha debe estar dentro del rango,Dylai'r dyddiad fod o fewn yr ystod,,日期应在范围内,
marketplace_overview,Marketplace Overview,Marketplace Overview,Aperçu du marché,Panoramica del Marketplace,Marktplatzübersicht,Marktplaatsoverzicht,Descripción general del mercado,Trosolwg o'r Farchnad,,市场概述,
store,Store,Store,Magasin,Negozio,Speichern,Winkel,Almacenar,Storfa,,店铺,
png_jpeg_and_image_should_be_less_than_15_mb,"PNG, JPEG and Image should be upto 300 KB","PNG, JPEG and Image should be upto 300 KB","PNG, JPEG et Image doivent peser jusqu'à 300 Ko","PNG, JPEG e l'immagine devono essere fino a 300 KB","PNG, JPEG und Bild sollten bis zu 300 KB groß sein","PNG, JPEG en afbeelding moeten maximaal 300 KB groot zijn","PNG, JPEG y la imagen deben tener hasta 300 KB","Dylai PNG, JPEG a Delwedd fod yn llai na 15 MB",,PNG、JPEG 和图像最大尺寸应为 300 KB,
are_you_sure_you_want_to_reset_fields,"Are you sure, you want to reset fields","Are you sure, you want to reset fields",Etes-vous sûr de vouloir réinitialiser les champs,Sei sicuro di voler reimpostare i campi?,"Sind Sie sicher, dass Sie die Felder zurücksetzen möchten?",Weet u zeker dat u de velden wilt resetten?,¿Estás seguro de que deseas restablecer los campos?,"Ydych chi'n si≈µr, rydych chi am ailosod meysydd",,您确定要重置字段吗,
add_product,Add Product,Add Product,Ajouter un produit,Aggiungi prodotto,Produkt hinzufügen,Product toevoegen,Agregar producto,Ychwanegu Cynnyrch,,添加产品,
edit_product,Edit Product,Edit Product,Modifier le produit,Modifica prodotto,Produkt bearbeiten,Product bewerken,Editar producto,Golygu Cynnyrch,,编辑产品,
order_is_complete,Order Is Complete,Order Is Complete,La commande est terminée,L'ordine è completo,Bestellung abgeschlossen,Bestelling is voltooid,El pedido está completo,Gorchymyn yn Gyflawn,,订单已完成,
no_rooms_found_for_selected_date,No Rooms found for selected date,No Rooms found for selected date,Aucune chambre trouvée pour la date sélectionnée,Nessuna stanza trovata per la data selezionata,Für das ausgewählte Datum wurden keine Zimmer gefunden,Geen kamers gevonden voor de geselecteerde datum,No se encontraron habitaciones para la fecha seleccionada,Ni chanfuwyd unrhyw ystafelloedd ar gyfer y dyddiad a ddewiswyd,,未找到所选日期的房间,
past_booking_is_not_allowed,Past booking is not allowed,Past booking is not allowed,Les réservations passées ne sont pas autorisées,Non è consentita la prenotazione precedente,Eine frühere Buchung ist nicht zulässig.,Eerdere boekingen zijn niet toegestaan,No se permiten reservas previas,Ni chaniateir archebu lle yn y gorffennol,,不允许提前预订,
all_locations,All Locations,All Locations,Tous les emplacements,Tutte le località,Alle Standorte,Alle locaties,Todas las ubicaciones,Pob Lleoliad,,所有地点,
failed_to_book_update_your_slotplease_try_again,"Failed to book update your slot, Please try again","Failed to book update your slot,Please try again",Échec de la mise à jour de votre créneau horaire. Veuillez réessayer.,Impossibile prenotare l'aggiornamento del tuo slot. Riprova.,Fehler beim Buchen des Slot-Updates. Bitte versuchen Sie es erneut.,Het is niet gelukt om uw tijdslot te wijzigen. Probeer het opnieuw.,No se pudo reservar ni actualizar su espacio. Inténtelo nuevamente.,"Wedi methu archebu diweddaru eich slot, Ceisiwch eto",,无法预订更新您的时段，请重试,
failed_to_delete_your_bookingplease_try_again,"Failed to delete your Booking, Please try again","Failed to delete your Booking,Please try again","Échec de la suppression de votre réservation, veuillez réessayer",Impossibile eliminare la tua prenotazione. Riprova.,Ihre Buchung konnte nicht gelöscht werden. Bitte versuchen Sie es erneut.,Het verwijderen van uw boeking is mislukt. Probeer het opnieuw.,"No se pudo eliminar su reserva, inténtelo de nuevo","Wedi methu dileu eich Archeb, Ceisiwch eto",,无法删除您的预订，请重试,
failed_to_book_your_slotplease_try_again,"Failed to book your slot, Please try again","Failed to book your slot,Please try again","Impossible de réserver votre créneau horaire, veuillez réessayer",Impossibile prenotare il tuo posto. Riprova.,Fehler beim Buchen Ihres Slots. Bitte versuchen Sie es erneut.,Het is niet gelukt om uw tijdslot te reserveren. Probeer het opnieuw.,No se pudo reservar su espacio. Inténtelo nuevamente.,"Wedi methu archebu'ch slot, Ceisiwch eto",,未能预订您的时段，请重试,
unnamed_customer,Unnamed Customer,Unnamed Customer,Client anonyme,Cliente senza nome,Unbenannter Kunde,Onbenoemde klant,Cliente anónimo,Cwsmer Dienw,,未透露姓名的客户,
minutes,minutes,minutes,minutes,minuti,Minuten,notulen,minutos,munudau,,分钟,
estimated_delivery_time,Estimated delivery time,Estimated delivery time,Délai de livraison estimé,Tempo di consegna stimato,Geschätzte Lieferzeit,Geschatte levertijd,Tiempo estimado de entrega,Amser dosbarthu amcangyfrifedig,,预计送达时间,
change_est_delivery_time,Change Est. Delivery Time,Change Est. Delivery Time,Modifier le délai de livraison estimé,Modifica tempo di consegna stimato,Geschätzte Lieferzeit ändern,Wijzig geschatte levertijd,Cambiar el tiempo estimado de entrega,Newid Est. Amser Cyflenwi,,更改预计交货时间,
read_more_without_dots,Read More,Read More,En savoir plus,Per saperne di più,Mehr lesen,Lees meer,Leer más,Darllen Mwy,,阅读更多,
read_less_without_dots,Read Less,Read Less,Lire moins,Leggi di meno,Weniger anzeigen,Lees minder,Leer menos,Darllen Llai,,阅读更少,
reset,Reset,Reset,Réinitialiser,Reset,Zurücksetzen,Reset,Reiniciar,Ailosod,,重置,
showing_to_of_entries,Showing to of entries,Showing to of entries,Affichage des entrées,Visualizzazione di voci,Anzeige von Einträgen,Tonen van inzendingen,Mostrando hasta entradas,Yn dangos cofnodion,,显示条目数,
previous,Previous,Previous,Précédent,Precedente,Vorherige,Vorig,Anterior,Blaenorol,,以前的,
next,Next,Next,Suivant,Prossimo,Nächste,Volgende,Próximo,Nesaf,,下一个,
show,Show,Show,Montrer,Spettacolo,Zeigen,Show,Espectáculo,Sioe,,展示,
filter,Filter,Filter,Filtre,Filtro,Filter,Filter,Filtrar,Hidlo,,筛选,
entries,Entries,Entries,Entrées,voci,Einträge,Inzendingen,Entradas,Cofnodion,,条目,
add,add,add,ajouter,aggiungere,hinzufügen,toevoegen,agregar,ychwanegu,,添加,
add_booking,Add Booking,Add Booking,Ajouter une réservation,Aggiungi prenotazione,Buchung hinzufügen,Boeking toevoegen,Añadir reserva,Ychwanegu Archebu,,添加预订,
edit_booking,Edit Booking,Edit Booking,Modifier la réservation,Modifica prenotazione,Buchung bearbeiten,Boeking bewerken,Editar reserva,Golygu Archebu,,编辑预订,
time,Time,Time,Temps,Tempo,Zeit,Tijd,Tiempo,Amser,,时间,
booked_for_user,Booked for user,Booked for user,Réservé pour l'utilisateur,Prenotato per l'utente,Gebucht für Benutzer,Geboekt voor gebruiker,Reservado para el usuario,Wedi'i archebu ar gyfer defnyddiwr,,为用户预订,
enter_visitor_name,Enter Visitor Name,Enter Visitor Name,Entrez le nom du visiteur,Inserisci il nome del visitatore,Geben Sie den Besuchernamen ein,Voer de naam van de bezoeker in,Ingrese el nombre del visitante,Rhowch Enw'r Ymwelydd,,输入访客姓名,
book,Book,Book,Livre,Libro,Buch,Boek,Libro,Llyfr,,书,
update,Update,Update,Mise à jour,Aggiornamento,Aktualisieren,Update,Actualizar,Diweddariad,,更新,
please_select_visitor,Please select Visitor,Please select Visitor,Veuillez sélectionner Visiteur,Seleziona Visitatore,Bitte wählen Sie Besucher,Selecteer Bezoeker,Por favor seleccione Visitante,Dewiswch Ymwelydd,,请选择访客,
start_time_is_greater_or_less_then_room_slot,Start time is greater or less then room slot,Start time is greater or less then room slot,L'heure de début est supérieure ou inférieure au créneau horaire de la salle,L'orario di inizio è maggiore o minore dello slot della stanza,Die Startzeit liegt größer oder kleiner als der Raumzeitraum,De starttijd is groter of kleiner dan de kamertijd,La hora de inicio es mayor o menor que el horario de la habitación.,Mae amser cychwyn yn fwy neu'n llai na slot ystafell,,开始时间大于或小于房间时段,
end_time_is_greater_or_less_then_room_slot,End time is greater or less then room slot,End time is greater or less then room slot,L'heure de fin est supérieure ou inférieure à l'heure de la salle,L'orario di fine è maggiore o minore dello slot della stanza,Die Endzeit liegt größer oder kleiner als der Raumzeitraum,Eindtijd is groter of kleiner dan de kamertijd,La hora de finalización es mayor o menor que el espacio disponible en la habitación.,Mae amser gorffen yn fwy neu'n llai na slot ystafell,,结束时间大于或小于房间时段,
end_date_cant_be_before_start_date,End date cant be before start date,End date cant be before start date,La date de fin ne peut pas être antérieure à la date de début,La data di fine non può essere precedente alla data di inizio,Das Enddatum darf nicht vor dem Startdatum liegen,Einddatum kan niet vóór de startdatum liggen,La fecha de finalización no puede ser anterior a la fecha de inicio.,Ni all y dyddiad gorffen fod cyn y dyddiad dechrau,,结束日期不能早于开始日期,
booking_slot_mush_of_30_min_interval_,Booking slot must of 30 min interval .,Booking slot must of 30 min interval .,Le créneau de réservation doit être d'un intervalle de 30 minutes.,La fascia oraria di prenotazione deve essere di 30 minuti di intervallo.,Der Buchungszeitpunkt muss im Abstand von 30 Minuten liegen.,De reserveringstijd moet 30 minuten duren.,El intervalo de reserva debe ser de 30 minutos.,Smotiau slot archebu o egwyl o 30 munud .,,预订时段必须间隔 30 分钟。,
select_start_time,SELECT START TIME,SELECT START TIME,SÉLECTIONNER L'HEURE DE DÉBUT,SELEZIONA L'ORA DI INIZIO,STARTZEIT AUSWÄHLEN,SELECTEER STARTTIJD,SELECCIONAR HORA DE INICIO,DEWISWCH AMSER DECHRAU,,选择开始时间,
ok_start_time,OK START TIME,OK START TIME,OK HEURE DE DÉBUT,OK ORA DI INIZIO,OK STARTZEIT,OK STARTTIJD,OK HORA DE INICIO,AMSER DECHRAU Iawn,,好的开始时间,
this_slot_is_not_available_please_select_another_slot,This Slot is not available. Please select another Slot,This Slot is not available. Please select another Slot,Ce créneau n'est pas disponible. Veuillez en sélectionner un autre.,Questo slot non è disponibile. Seleziona un altro slot,Dieser Slot ist nicht verfügbar. Bitte wählen Sie einen anderen Slot,Deze sleuf is niet beschikbaar. Selecteer een andere sleuf.,Esta ranura no está disponible. Seleccione otra ranura.,Nid yw'r Slot hwn ar gael. Dewiswch Slot arall,,此插槽不可用。请选择其他插槽。,
select_end_time,SELECT END TIME,SELECT END TIME,SÉLECTIONNER L'HEURE DE FIN,SELEZIONA L'ORA DI FINE,ENDZEIT AUSWÄHLEN,SELECTEER EINDTIJD,SELECCIONAR HORA DE FINALIZACIÓN,DEWIS AMSER DIWEDD,,选择结束时间,
ok_end_time,OK END TIME,OK END TIME,OK HEURE DE FIN,OK ORA DI FINE,OK ENDE ZEIT,OK EINDTIJD,OK HORA DE FINALIZACIÓN,Iawn AMSER DIWEDD,,好的结束时间,
booking_information,Booking Information,Booking Information,Informations de réservation,Informazioni sulla prenotazione,Buchungsinformationen,Boekingsinformatie,Información de reserva,Gwybodaeth Archebu,,预订信息,
company,Company,Company,Entreprise,Azienda,Unternehmen,Bedrijf,Compañía,Cwmni,,公司,
options,Options,Options,Options,Opzioni,Optionen,Opties,Opciones,Opsiynau,,选项,
delete,Delete,Delete,Supprimer,Eliminare,Löschen,Verwijderen,Borrar,Dileu,,删除,
general,General,General,Général,Generale,Allgemein,Algemeen,General,Cyffredinol,,一般的,
orders,Orders,Orders,Ordres,Ordini,Bestellungen,Bestellingen,Pedidos,Archebion,,订单,
products,Products,Products,Produits,Prodotti,Produkte,Producten,Productos,Cynhyrchion,,产品,
stores_not_available,Stores not available,Stores not available,Magasins non disponibles,Negozi non disponibili,Geschäfte nicht verfügbar,Winkels niet beschikbaar,Tiendas no disponibles,Storfeydd ddim ar gael,,商店不可用,
product_details,Product Details,Product Details,Détails du produit,Dettagli del prodotto,Produktdetails,Productdetails,Detalles del producto,Manylion Cynnyrch,,产品详情,
product_option,Product Option,Product Option,Option de produit,Opzione prodotto,Produktoption,Productoptie,Opción de producto,Opsiwn Cynnyrch,,产品选项,
extras,Extras,Extras,Suppléments,Extra,Extras,Extra's,Extras,Ychwanegiadau,,附加功能,
select_category,Select Category,Select Category,Sélectionnez une catégorie,Seleziona categoria,Kategorie auswählen,Selecteer categorie,Seleccionar categoría,Dewiswch Categori,,选择类别,
please_enter_tag_name,Please enter tag name,Please enter tag name,Veuillez saisir le nom de la balise,Inserisci il nome del tag,Bitte geben Sie den Tag-Namen ein,Voer een tagnaam in,"Por favor, introduzca el nombre de la etiqueta",Rhowch enw'r tag,,请输入标签名称,
product_option_added_successfully,Product option added successfully,Product option added successfully,Option de produit ajoutée avec succès,Opzione prodotto aggiunta correttamente,Produktoption erfolgreich hinzugefügt,Productoptie succesvol toegevoegd,Opción de producto agregada exitosamente,Ychwanegwyd opsiwn cynnyrch yn llwyddiannus,,产品选项添加成功,
product_option_removed_successfully,Product option removed successfully,Product option removed successfully,Option de produit supprimée avec succès,Opzione prodotto rimossa correttamente,Produktoption erfolgreich entfernt,Productoptie succesvol verwijderd,Opción de producto eliminada exitosamente,Cafodd yr opsiwn cynnyrch ei ddileu yn llwyddiannus,,产品选项已成功删除,
product_option_updated_successfully,Product option updated successfully,Product option updated successfully,Option de produit mise à jour avec succès,Opzione prodotto aggiornata con successo,Produktoption erfolgreich aktualisiert,Productoptie succesvol bijgewerkt,Opción de producto actualizada exitosamente,Mae'r opsiwn cynnyrch wedi'i ddiweddaru'n llwyddiannus,,产品选项更新成功,
product_extra_added_successfully,Product extra added successfully,Product extra added successfully,Produit supplémentaire ajouté avec succès,Prodotto extra aggiunto con successo,Produktzusatz erfolgreich hinzugefügt,Product extra succesvol toegevoegd,Producto extra añadido con éxito,Cynnyrch ychwanegol wedi'i ychwanegu'n llwyddiannus,,已成功添加产品附加项,
product_extra_removed_successfully,Product extra removed successfully,Product extra removed successfully,Le produit supplémentaire a été supprimé avec succès,Prodotto extra rimosso con successo,Produktüberschuss erfolgreich entfernt,Extra product succesvol verwijderd,Producto adicional eliminado exitosamente,Cafodd y cynnyrch ychwanegol ei dynnu'n llwyddiannus,,已成功移除多余产品,
product_extra_updated_successfully,Product extra updated successfully,Product extra updated successfully,Mise à jour supplémentaire du produit avec succès,Prodotto extra aggiornato con successo,Produktzusatz erfolgreich aktualisiert,Product extra succesvol bijgewerkt,Producto adicional actualizado con éxito,Cynnyrch ychwanegol wedi'i ddiweddaru'n llwyddiannus,,产品附加更新成功,
please_enter_product_name,Please enter Product Name,Please enter Product Name,Veuillez saisir le nom du produit,Inserisci il nome del prodotto,Bitte geben Sie den Produktnamen ein,Voer de productnaam in,Por favor ingrese el nombre del producto,Rhowch Enw'r Cynnyrch,,请输入产品名称,
please_enter_product_description,Please enter Product Description,Please enter Product Description,Veuillez saisir la description du produit,Inserisci la descrizione del prodotto,Bitte geben Sie die Produktbeschreibung ein,Voer een productbeschrijving in,Por favor ingrese la descripción del producto,Rhowch Disgrifiad o'r Cynnyrch,,请输入产品描述,
select_categoryplease_enter_product_option_name,Select CategoryPlease enter Product Option Name,Select CategoryPlease enter Product Option Name,Sélectionnez la catégorieVeuillez saisir le nom de l'option de produit,Seleziona categoriaInserisci il nome dell'opzione prodotto,Kategorie auswählenBitte geben Sie den Produktoptionsnamen ein,Selecteer categorieVoer de naam van de productoptie in,Seleccionar categoríaIngrese el nombre de la opción del producto,Dewiswch Categori Rhowch Enw Opsiwn Cynnyrch,,选择类别请输入产品选项名称,
please_enter_product_extra_name,Please enter Product Extra Name,Please enter Product Extra Name,Veuillez saisir le nom supplémentaire du produit,Inserisci il nome aggiuntivo del prodotto,Bitte geben Sie den zusätzlichen Produktnamen ein,Voer de naam van het extra product in,Por favor ingrese el nombre adicional del producto,Rhowch Enw Cynnyrch Ychwanegol,,请输入产品附加名称,
product_added_successfully,Product added successfully,Product added successfully,Produit ajouté avec succès,Prodotto aggiunto con successo,Produkt erfolgreich hinzugefügt,Product succesvol toegevoegd,Producto añadido con éxito,Ychwanegwyd cynnyrch yn llwyddiannus,,产品添加成功,
product_updated_successfully,Product updated successfully,Product updated successfully,Produit mis à jour avec succès,Prodotto aggiornato con successo,Produkt erfolgreich aktualisiert,Product succesvol bijgewerkt,Producto actualizado exitosamente,Cynnyrch wedi'i ddiweddaru'n llwyddiannus,,产品更新成功,
fail_to_add_product,Fail to add Product,Fail to add Product,Impossible d'ajouter le produit,Impossibile aggiungere il prodotto,Produkt konnte nicht hinzugefügt werden,Product toevoegen mislukt,Error al agregar el producto,Methu ychwanegu Cynnyrch,,添加产品失败,
please_add_product_option,Please add Product Option,Please add Product Option,Veuillez ajouter une option de produit,Si prega di aggiungere l'opzione del prodotto,Bitte fügen Sie eine Produktoption hinzu,Voeg een productoptie toe,Por favor agregue opción de producto,Ychwanegwch Opsiwn Cynnyrch,,请添加产品选项,
please_enter_product_uid,Please enter Product UID,Please enter Product UID,Veuillez saisir l'UID du produit,Inserisci l'UID del prodotto,Bitte geben Sie die Produkt-UID ein,Voer de product-UID in,Por favor ingrese el UID del producto,Rhowch UID Cynnyrch,,请输入产品UID,
please_enter_product_option,Please enter Product Option,Please enter Product Option,Veuillez saisir l'option du produit,Inserisci l'opzione del prodotto,Bitte geben Sie die Produktoption ein,Voer een productoptie in,Por favor ingrese la opción del producto,Rhowch Opsiwn Cynnyrch,,请输入产品选项,
"product_updated_successfully
_fail_to_add_product","Product updated successfully
 Fail to add Product","Product updated successfully
 Fail to add Product","Mise à jour du produit réussie
Échec de l'ajout du produit","Prodotto aggiornato correttamente
Impossibile aggiungere il prodotto","Produkt erfolgreich aktualisiert
Produkt konnte nicht hinzugefügt werden","Product succesvol bijgewerkt
Product toevoegen mislukt","Producto actualizado correctamente
Error al agregar el producto","Cynnyrch wedi'i ddiweddaru'n llwyddiannus
 Methu ychwanegu Cynnyrch",,产品更新成功 添加产品失败,
out_of_stock,Out of stock,Out of stock,En rupture de stock,Esaurito,Produkt nicht vorrätig,Niet op voorraad,Agotado,Allan o stoc,,缺货,
items,Items,items,articles,elementi,Artikel,artikelen,elementos,eitemau,,项目,
low,Low,Low,Faible,Basso,Niedrig,Laag,Bajo,Isel,,低的,
total,Total,total,total,totale,gesamt,totaal,total,cyfanswm,,全部的,
price,Price,Price,Prix,Prezzo,Preis,Prijs,Precio,Pris,,价格,
qtyremaining_today,Qty. Remaining Today,Qty.Remaining Today,Quantité restante aujourd'hui,Quantità rimanente oggi,Heute verbleibende Menge,Aantal resterend vandaag,Cantidad restante hoy,Qty.Remaining Today,,今日剩余数量,
status,Status,Status,Statut,Stato,Status,Status,Estado,Statws,,地位,
checkout_extras,Checkout Extras,Checkout Extras,Extras de paiement,Extra di pagamento,Extras an der Kasse,Extra's afrekenen,Extras de pago,Extras desg dalu,,结帐附加服务,
pending_orders,Pending Orders,Pending Orders,Commandes en attente,Ordini in sospeso,Ausstehende Bestellungen,In afwachting van bestellingen,Pedidos pendientes,Gorchmynion Arfaeth,,待处理订单,
order_overview,Order Overview,Order Overview,Aperçu de la commande,Panoramica dell'ordine,Bestellübersicht,Overzicht van bestellingen,Descripción general del pedido,Trosolwg Gorchymyn,,订单概览,
today,Today,Today,Aujourd'hui,Oggi,Heute,Vandaag,Hoy,heddiw,,今天,
monthly_orders,Monthly Orders,Monthly Orders,Commandes mensuelles,Ordini mensili,Monatliche Bestellungen,Maandelijkse bestellingen,Pedidos mensuales,Archebion Misol,,每月订单,
this_month,this month,this month,ce mois-ci,questo mese,diesen Monat,deze maand,este mes,y mis hwn,,本月,
last_month,last month,last month,mois dernier,il mese scorso,letzten Monat,vorige maand,mes pasado,mis diwethaf,,上个月,
order_no,Order No,Order No,Numéro de commande,Numero d'ordine,Bestellnummer,Bestelnummer,Número de pedido,Gorchymyn Rhif,,订单号,
customer,Customer,Customer,Client,Cliente,Kunde,Klant,Cliente,Cwsmer,,顾客,
placed,Placed,Placed,Mis,Posizionato,Platziert,Geplaatst,Metido,Wedi'i osod,,放置,
value,Value,Value,Valeur,Valore,Wert,Waarde,Valor,Gwerth,,价值,
fulfilment,Fulfilment,Fulfilment,Accomplissement,Compimento,Erfüllung,Vervulling,Cumplimiento,Cyflawniad,,履行,
order_velocity,Order Velocity,Order Velocity,Vitesse de commande,Velocità dell'ordine,Auftragsgeschwindigkeit,Bestelsnelheid,Velocidad de orden,Gorchymyn Cyflymder,,订单速度,
avtime_to_order_completed,Av.Time to Order Completed,Av.Time to Order Completed,Délai moyen de réalisation de la commande,Tempo medio per il completamento dell'ordine,Durchschnittliche Zeit bis zur Auftragserfüllung,Gemiddelde tijd tot bestelling voltooid,Tiempo promedio para completar el pedido,Cyf. Amser i Archebu Wedi'i Gwblhau,,订单完成平均时间,
discount_applied,Discount Applied,Discount Applied,Remise appliquée,Sconto applicato,Rabatt angewendet,Korting toegepast,Descuento aplicado,Disgownt Cymhwysol,,已应用折扣,
tax,Tax,Tax,Impôt,Tassare,Steuer,Belasting,Impuesto,Treth,,税,
total_cost,Total Cost,Total Cost,Coût total,Costo totale,Gesamtkosten,Totale kosten,Costo total,Cyfanswm y Gost,,总成本,
return_order,Return Order,Return Order,Ordre de retour,Restituisci ordine,Rücksendeauftrag,Retourorder,Orden de devolución,Gorchymyn Dychwelyd,,退货订单,
reject_order,Reject Order,Reject Order,Rejeter la commande,Rifiuta ordine,Bestellung ablehnen,Bestelling afwijzen,Orden de rechazo,Gwrthod Gorchymyn,,拒绝订单,
sold_out,Sold Out,Sold Out,Épuisé,Esaurito,Ausverkauft,Uitverkocht,Agotado,Gwerthwyd Allan,,售罄,
available,Available,Available,Disponible,Disponibile,Verfügbar,Beschikbaar,Disponible,Ar gael,,可用的,
not_available,Not Available,Not Available,Pas disponible,Non disponibile,Nicht verfügbar,Niet beschikbaar,No disponible,Ddim ar gael,,无法使用,
warning,Warning,warning,avertissement,avvertimento,Warnung,waarschuwing,advertencia,rhybudd,,警告,
to_confirm_there_are_${thismismatchquantitycountlength}_items_which_the_user_has_requested_but_are_unable_to_be_fulfilledreturn_this_updated_order_to_the_customer?or_reject_this_order_outright?,"To confirm, there are ${this.mismatchQuantityCount.length} items which the user has requested, but are unable to be fulfilled.Return this updated order to the customer?Or Reject this order outright?","To confirm, there are ${this.mismatchQuantityCount.length} items which the user has requested, but are unable to be fulfilled.Return this updated order to the customer?Or Reject this order outright?","Pour confirmer, il y a ${this.mismatchQuantityCount.length} articles que l'utilisateur a demandés, mais qui ne peuvent pas être satisfaits. Retourner cette commande mise à jour au client ? Ou rejeter purement et simplement cette commande ?","Per confermare, ci sono ${this.mismatchQuantityCount.length} articoli che l'utente ha richiesto, ma che non possono essere evasi. Restituire questo ordine aggiornato al cliente? Oppure rifiutare subito questo ordine?","Zur Bestätigung: Es gibt ${this.mismatchQuantityCount.length} Artikel, die der Benutzer angefordert hat, die aber nicht erfüllt werden können. Soll diese aktualisierte Bestellung an den Kunden zurückgesendet werden? Oder soll diese Bestellung direkt abgelehnt werden?","Ter bevestiging: er zijn ${this.mismatchQuantityCount.length} artikelen die de gebruiker heeft aangevraagd, maar die niet konden worden geleverd. Wilt u deze bijgewerkte bestelling retourneren aan de klant? Of wilt u deze bestelling direct afwijzen?","Para confirmar, hay ${this.mismatchQuantityCount.length} artículos que el usuario solicitó, pero no se pudieron completar. ¿Devolver este pedido actualizado al cliente? ¿O rechazar este pedido por completo?","I gadarnhau, mae ${this.mismatchQuantityCount.length} eitem y mae'r defnyddiwr wedi gofyn amdanynt, ond nad oes modd eu cyflawni. Dychwelyd yr archeb hon wedi'i diweddaru i'r cwsmer? Neu Gwrthod yr archeb hon yn llwyr?",,确认一下，用户请求了 ${this.mismatchQuantityCount.length} 个商品，但无法完成。请将更新后的订单退回给客户？还是直接拒绝此订单？,
approve_order,Approve Order,Approve Order,Approuver la commande,Approva ordine,Bestellung genehmigen,Bestelling goedkeuren,Aprobar orden,Cymeradwyo Gorchymyn,,批准订单,
to_confirm_all_items_the_user_has_requested_are_available_and_the_order_can_successfully_be_placedonce_you_approve_the_orderthe_customers_card_will_be_charged,"To confirm, all items the user has requested are available and the order can successfully be placed.Once you approve the order,the customers card will be charged","To confirm, all items the user has requested are available and the order can successfully be placed.Once you approve the order,the customers card will be charged","Pour confirmer, tous les articles demandés par l'utilisateur sont disponibles et la commande peut être passée avec succès. Une fois la commande approuvée, la carte du client sera débitée.","Per confermare, tutti gli articoli richiesti dall'utente sono disponibili e l'ordine può essere effettuato correttamente. Una volta approvato l'ordine, l'importo verrà addebitato sulla carta del cliente.","Zur Bestätigung sind alle vom Benutzer angeforderten Artikel verfügbar und die Bestellung kann erfolgreich aufgegeben werden. Sobald Sie die Bestellung genehmigen, wird die Kundenkarte belastet","Ter bevestiging zijn alle artikelen die de gebruiker heeft aangevraagd beschikbaar en kan de bestelling succesvol worden geplaatst. Zodra u de bestelling goedkeurt, wordt de kaart van de klant belast","Para confirmar, todos los artículos que el usuario ha solicitado están disponibles y el pedido se puede realizar correctamente. Una vez que apruebe el pedido, se cargará la tarjeta del cliente.","I gadarnhau, mae'r holl eitemau y mae'r defnyddiwr wedi gofyn amdanynt ar gael a gellir gosod yr archeb yn llwyddiannus. Unwaith y byddwch yn cymeradwyo'r archeb, codir t√¢l ar y cerdyn cwsmer",,确认用户请求的所有商品均有货，订单可以成功下单。一旦您批准订单，将从客户的卡中扣款,
order_prepared,Order Prepared,Order Prepared,Commande préparée,Ordine preparato,Bestellung vorbereitet,Bestelling voorbereid,Pedido preparado,Archeb wedi ei Baratoi,,订单已准备好,
is_the_order_ready_for_delivery?if_so_confirm_order_prepared_to_notify_the_customer_the_order_is_ready_for_delivery/collection,Is the order ready for delivery?If so confirm Order Prepared to notify the customer the order is ready for delivery/collection.,Is the order ready for delivery?If so confirm Order Prepared to notify the customer the order is ready for delivery/collection.,"La commande est-elle prête à être livrée ? Si tel est le cas, confirmez « Commande préparée » pour informer le client que la commande est prête à être livrée/collectée.","L'ordine è pronto per la consegna? In tal caso, confermare l'ordine preparato per avvisare il cliente che l'ordine è pronto per la consegna/il ritiro.","Ist die Bestellung zur Lieferung bereit? Wenn ja, bestätigen Sie „Bestellung vorbereitet“, um den Kunden darüber zu informieren, dass die Bestellung zur Lieferung/Abholung bereit ist.","Is de bestelling klaar voor levering? Zo ja, bevestig de bestelling. De bestelling is klaar om de klant te laten weten dat de bestelling klaar is voor levering/afhaling.","¿Está el pedido listo para ser entregado? Si es así, confirme Pedido preparado para notificar al cliente que el pedido está listo para ser entregado/recogido.",Ydy'r archeb yn barod i'w danfon? Os felly cadarnhewch Archeb Barod i hysbysu'r cwsmer fod yr archeb yn barod i'w danfon/casglu.,,订单是否已准备好交付？如果是，请确认订单已准备好通知客户订单已准备好交付/收集。,
order_delivered,Order Delivered,Order Delivered,Commande livrée,Ordine consegnato,Bestellung geliefert,Bestelling geleverd,Pedido entregado,Gorchymyn a Gyflwynwyd,,订单已送达,
was_the_order_delivered_and_received_by_the_customer_successfully?,Was the order delivered and received by the customer successfully?,Was the order delivered and received by the customer successfully?,La commande a-t-elle été livrée et reçue par le client avec succès ?,L'ordine è stato consegnato e ricevuto correttamente dal cliente?,Wurde die Bestellung erfolgreich zugestellt und vom Kunden entgegengenommen?,Is de bestelling succesvol afgeleverd en door de klant ontvangen?,¿El pedido fue entregado y recibido con éxito por el cliente?,A gafodd yr archeb ei danfon a'i derbyn gan y cwsmer yn llwyddiannus?,,订单是否已成功配送并被客户接收？,
error,Error,error,erreur,errore,Fehler,fout,error,gwall,,错误,
order_has_been_rejected,Order has been rejected,Order has been Rejected,La commande a été rejetée,L'ordine è stato rifiutato,Bestellung wurde abgelehnt,Bestelling is afgewezen,La orden ha sido rechazada,Gorchymyn wedi ei wrthod,,订单已被拒绝,
success,Success,success,succès,successo,Erfolg,succes,éxito,llwyddiant,,成功,
order_has_been_fulfilled_successfully,Order has been fulfilled successfully,Order has been fulfilled successfully,La commande a été exécutée avec succès,L'ordine è stato evaso con successo,Bestellung wurde erfolgreich ausgeführt,Bestelling is succesvol uitgevoerd,El pedido se ha completado con éxito,Gorchymyn wedi ei gyflawni yn llwyddiannus,,订单已成功完成,
awaiting_confirmation,Awaiting Confirmation,Awaiting Confirmation,En attente de confirmation,In attesa di conferma,Warte auf Bestätigung,In afwachting van bevestiging,Esperando confirmación,Aros am gadarnhad,,等待确认,
getting_your_order_ready,Getting Your Order Ready,Getting Your Order Ready,Préparation de votre commande,Preparazione dell'ordine,Vorbereitung Ihrer Bestellung,Uw bestelling gereedmaken,Preparando su pedido,Cael Eich Archeb yn Barod,,准备您的订单,
are_you_sure_you_want_to_delete_this_product?,Are you sure you want to delete this product?,Are you sure you want to delete this product?,Etes-vous sûr de vouloir supprimer ce produit ?,Sei sicuro di voler eliminare questo prodotto?,Möchten Sie dieses Produkt wirklich löschen?,Weet u zeker dat u dit product wilt verwijderen?,¿Estás seguro que deseas eliminar este producto?,Ydych chi'n si≈µr eich bod am ddileu'r cynnyrch hwn?,,您确定要删除该产品吗？,
confirm,Confirm,Confirm,Confirmer,Confermare,Bestätigen,Bevestigen,Confirmar,Cadarnhau,,确认,
filter,Filter,Filter,Filtre,Filtro,Filter,Filter,Filtrar,Hidlo,,筛选,
location,Location,Location,Emplacement,Posizione,Standort,Locatie,Ubicación,Lleoliad,,地点,
search,Search,Search,Recherche,Ricerca,Suchen,Zoekopdracht,Buscar,Chwiliwch,,搜索,
enter_company_or_person,Enter company or person,Enter company or person,Entrez l'entreprise ou la personne,Inserisci azienda o persona,Firma oder Person eingeben,Voer bedrijf of persoon in,Introduzca empresa o persona,Rhowch gwmni neu berson,,输入公司或个人,
room_availability,Room Availability,Room Availability,Disponibilité des chambres,Disponibilità delle camere,Zimmerverfügbarkeit,Beschikbaarheid van de kamer,Disponibilidad de habitaciones,Argaeledd Ystafell,,房间供应情况,
add_room,Add Room,Add Room,Ajouter une pièce,Aggiungi stanza,Zimmer hinzufügen,Kamer toevoegen,Añadir habitación,Ychwanegu Ystafell,,添加房间,
total_order_revenue,Total Order Revenue,Total Order Revenue,Revenu total des commandes,Ricavi totali degli ordini,Gesamter Auftragserlös,Totale orderomzet,Ingresos totales por pedidos,Cyfanswm Refeniw Archeb,,订单总收入,
total_orders,Total Orders,Total Orders,Total des commandes,Ordini totali,Gesamtbestellungen,Totaal aantal bestellingen,Pedidos totales,Cyfanswm Archebion,,订单总数,
store_revenue,Store Revenue,Store Revenue,Chiffre d'affaires du magasin,Entrate del negozio,Ladenumsatz,Winkelomzet,Ingresos de la tienda,Refeniw Storfa,,门店收入,
user,User,User,Utilisateur,Utente,Benutzer,Gebruiker,Usuario,Defnyddiwr,,用户,
top_products,Top Products,Top Products,Meilleurs produits,Prodotti principali,Top Produkte,Topproducten,Productos principales,Cynhyrchion Uchaf,,热门产品,
order,Order,Order,Commande,Ordine,Befehl,Volgorde,Orden,Gorchymyn,,命令,
top_customers,Top Customers,Top Customers,Meilleurs clients,Clienti principali,Top-Kunden,Topklanten,Clientes principales,Cwsmeriaid Gorau,,顶级客户,
update_product,Update product,Update product,Mettre à jour le produit,Aggiorna prodotto,Produkt aktualisieren,Product bijwerken,Actualizar producto,Diweddaru'r cynnyrch,,更新产品,
product_uid,Product UID,Product UID,UID du produit,UID del prodotto,Produkt-UID,Product-UID,UID del producto,UID Cynnyrch,,产品唯一标识,
enter_product_name,Enter product name,Enter product name,Entrez le nom du produit,Inserisci il nome del prodotto,Produktnamen eingeben,Voer productnaam in,Introduzca el nombre del producto,Rhowch enw'r cynnyrch,,输入产品名称,
product_description,Product Description,Product Description,Description du produit,Descrizione del prodotto,Produktbeschreibung,Productomschrijving,Descripción del Producto,Disgrifiad o'r Cynnyrch,,产品描述,
product_tag,Product Tag,Product Tag,Étiquette du produit,Etichetta del prodotto,Produkt-Tag,Productlabel,Etiqueta del producto,Tag Cynnyrch,,产品标签,
product_options,Product Options,Product Options,Options de produit,Opzioni prodotto,Produktoptionen,Productopties,Opciones de producto,Dewisiadau Cynnyrch,,产品选项,
option,Option,Option,Option,Opzione,Option,Optie,Opción,Opsiwn,,选项,
name,Name,Name,Nom,Nome,Name,Naam,Nombre,Enw,,姓名,
description,Description,Description,Description,Descrizione,Beschreibung,Beschrijving,Descripción,Disgrifiad,,描述,
max_amount_per_order,Max Amount per order,Max Amount per Order,Montant maximum par commande,Importo massimo per ordine,Maximaler Betrag pro Bestellung,Maximaal bedrag per bestelling,Cantidad máxima por pedido,Swm Uchaf fesul Archeb,,每笔订单最高金额,
max_quantity_per_day,Max Quantity Per Day,Max Quantity Per Day,Quantité maximale par jour,Quantità massima al giorno,Maximale Menge pro Tag,Maximale hoeveelheid per dag,Cantidad máxima por día,Swm Uchaf y Dydd,,每日最大数量,
add_more,Add more,Add more,Ajouter plus,Aggiungi altro,Mehr hinzufügen,Voeg meer toe,Añadir más,Ychwanegu mwy,,添加更多,
product_extra,Product Extra,Product Extra,Produit supplémentaire,Prodotto Extra,Produkt Extra,Product Extra,Producto adicional,Cynnyrch Ychwanegol,,产品附加,
extra,Extra,Extra,Supplémentaire,Extra,Extra,Extra,Extra,Ychwanegol,,额外的,
product_name,Product name,Product name,Nom du produit,Nome del prodotto,Produktname,Productnaam,Nombre del producto,Enw cynnyrch,,产品名称,
add_tags_to_this_event,Add tags to this event,Add tags to this event,Ajouter des tags à cet événement,Aggiungi tag a questo evento,Fügen Sie diesem Ereignis Tags hinzu,Voeg tags toe aan dit evenement,Añadir etiquetas a este evento,Ychwanegu tagiau i'r digwyddiad hwn,,为该活动添加标签,
product_image,Product Image,Product Image,Image du produit,Immagine del prodotto,Abbildung des Produkts,Productafbeelding,Imagen del producto,Delwedd Cynnyrch,,产品图片,
TRUE,TRUE,TRUE,VRAI,VERO,WAHR,WAAR,VERDADERO,GWIR,,TRUE,
add_product_gallery_image_drop_file_here,Add Product gallery image drop file here,Add Product gallery image Drop file here,Ajouter une image de la galerie de produits Déposez le fichier ici,Aggiungi l'immagine della galleria del prodotto Trascina il file qui,Produktgaleriebild hinzufügen Datei hier ablegen,Productgalerijafbeelding toevoegen Bestand hier neerzetten,Agregar imagen de la galería de productos Soltar archivo aquí,Ychwanegu Ffeil oriel delwedd Cynnyrch Gollwng yma,,添加产品图库图像将文件拖放到此处,
order_no#,Order No #,Order No#,Numéro de commande#,Numero d'ordine,Bestellnummer,Bestelnummer #,Número de pedido,Archeb Rhif#,,订单号,
completed,completed,completed,complété,completato,vollendet,voltooid,terminado,wedi ei gwblhau,,完全的,
rejected,rejected,rejected,rejeté,respinto,abgelehnt,afgewezen,rechazado,gwrthodwyd,,拒绝,
active_now,Active Now,Active Now,Actif maintenant,Attivo ora,Jetzt aktiv,Nu actief,Activo ahora,Actif Nawr,,现在活跃,
last_on-site,Last on-site,Last on-site,Dernier sur place,Ultimo sul posto,Letzter vor Ort,Laatste ter plaatse,Último en el sitio,Yr olaf ar y safle,,上次现场,
message,Message,Message,Message,Messaggio,Nachricht,Bericht,Mensaje,Neges,,信息,
email,Email,Email,E-mail,E-mail,E-Mail,E-mail,Correo electrónico,Ebost,,电子邮件,
delivery_address,Delivery Address,Delivery Address,Adresse de livraison,Indirizzo di consegna,Lieferadresse,Afleveradres,Dirección de entrega,Cyfeiriad Dosbarthu,,送货地址,
delivery_instructions,Delivery Instructions,Delivery Instructions,Instructions de livraison,Istruzioni per la consegna,Lieferanweisungen,Bezorginstructies,Instrucciones de entrega,Cyfarwyddiadau Dosbarthu,,送货说明,
order_message_log,Order Message Log,Order Message Log,Journal des messages de commande,Registro dei messaggi degli ordini,Bestellnachrichtenprotokoll,Bestelberichtlogboek,Registro de mensajes de pedidos,Log Neges Archeb,,订单消息日志,
launch_error,Launch Error,Launch Error,Erreur de lancement,Errore di avvio,Startfehler,Startfout,Error de lanzamiento,Gwall Lansio,,启动错误,
we_could_not_launch_the_following_mailid,We could not launch the following mailid,We could not launch the following mailid,Nous n'avons pas pu lancer l'identifiant de messagerie suivant,Non è stato possibile avviare il seguente mailid,Wir konnten die folgende Mail-ID nicht starten,We konden de volgende mailid niet lanceren,No pudimos iniciar el siguiente correo,Ni allem lansio'r mailid canlynol,,我们无法启动以下 mailid,
package_deliveries,Package Deliveries,Package Deliveries,Livraisons de colis,Consegne di pacchi,Paketlieferungen,Pakketbezorging,Entregas de paquetes,Dosbarthu Pecyn,,包裹递送,
search_package_by_id,Search Package by ID,Search Package by ID,Rechercher un package par ID,Cerca pacchetto per ID,Paket nach ID suchen,Zoek pakket op ID,Buscar paquete por ID,Pecyn Chwilio yn √¥l ID,,通过 ID 搜索包,
scanned_by_or_address_to,Scanned By or Address to,Scanned By or Address to,Numérisé par ou adressé à,Scansionato da o indirizzo a,Gescannt von oder Adresse an,Gescand door of adres aan,Escaneado por o dirigido a,Sganiwyd Gan neu Cyfeiriad i,,扫描人或地址,
package_id,Package ID,Package ID,ID du package,ID pacchetto,Paket-ID,Pakket-ID,ID del paquete,ID pecyn,,包裹ID,
scanned_by,Scanned By,Scanned By,Numérisé par,Scansionato da,Gescannt von,Gescand door,Escaneado por,Wedi'i Sganio Gan,,扫描者,
addressed_to,Addressed to,Addressed to,Adressé à,Indirizzato a,Adressiert an,Geadresseerd aan,Dirigido a,Wedi'i gyfeirio at,,收件人,
signed_by,Signed By,Signed By,Signé par,Firmato da,Signiert von,Ondertekend door,Firmado por,Arwyddwyd Gan,,签名人,
collected_date,Collected Date,Collected Date,Date de collecte,Data di raccolta,Erfassungsdatum,Verzameldatum,Fecha de recolección,Dyddiad Casglu,,收集日期,
no_package_found,No package found,No package found,Aucun paquet trouvé,Nessun pacchetto trovato,Kein Paket gefunden,Geen pakket gevonden,No se encontró ningún paquete,Heb ganfod pecyn,,未找到包裹,
na,NA,NA,N / A,N / A,N / A,NA,N / A,NA,,不适用,
package_details,Package Details,Package Details,Détails du forfait,Dettagli del pacchetto,Paketdetails,Pakketdetails,Detalles del paquete,Manylion Pecyn,,套餐详情,
package_scanned_date_&_time,Package Scanned Date & Time,Package Scanned Date & Time,Date et heure de numérisation du colis,Data e ora di scansione del pacco,Datum und Uhrzeit des Paketscans,Datum en tijd van pakketscan,Fecha y hora de escaneo del paquete,Pecyn Dyddiad ac Amser wedi'i Sganio,,包裹扫描日期和时间,
scanned_at,Scanned at,Scanned at,Numérisé à,Scansionato a,Gescannt bei,Gescand op,Escaneado en,Wedi'i sganio yn,,扫描于,
collected_date_&_time,Collected Date & Time,Collected Date & Time,Date et heure de collecte,Data e ora di raccolta,Datum und Uhrzeit der Erfassung,Verzamelde datum en tijd,Fecha y hora de recolección,Dyddiad ac Amser a Gasglwyd,,收集日期和时间,
notify_date_&_time,Notify Date & Time,Notify Date & Time,Date et heure de notification,Notifica data e ora,Datum und Uhrzeit der Benachrichtigung,Datum en tijd melden,Notificar fecha y hora,Hysbysu Dyddiad ac Amser,,通知日期和时间,
marked_as_collected_by,Marked as Collected By,Marked as Collected By,Marqué comme collecté par,Contrassegnato come raccolto da,Markiert als „Gesammelt von“,Gemarkeerd als verzameld door,Marcado como recopilado por,Wedi'i Farcio fel Wedi'i Gasgliad Gan,,标记为已收集,
notified_to,Notified to,Notified to,Notifié à,Notificato a,Benachrichtigt an,Aangemeld aan,Notificado a,Hysbyswyd i,,通知,
address,Address,Address,Adresse,Indirizzo,Adresse,Adres,DIRECCIÓN,Cyfeiriad,,地址,
please_collect_the_package_soon_as_it_is_still,Please collect the package soon as it is still,Please collect the package soon as it is still,Veuillez récupérer le colis dès que possible car il est toujours,Si prega di ritirare il pacco al più presto poiché è ancora,"Bitte holen Sie das Paket bald ab, da es noch","Haal het pakket zo snel mogelijk op, want het is nog steeds","Por favor, recoja el paquete pronto, ya que todavía está",Casglwch y pecyn cyn gynted ag y mae o hyd,,请尽快领取包裹，因为它仍然,
not_collected,Not Collected,Not Collected,Non collecté,Non raccolto,Nicht erfasst,Niet verzameld,No recogido,Heb ei Gasglu,,未收集,
status,status.,status.,statut.,stato.,Status.,toestand.,estado.,statws.,,地位。,
if_you_collected_this_package_please_click_on_collected_package_button_to_update_package_delivery_status,If you collected this package please click on Collected package button to update package delivery status,If you collected this package please click on Collected package button to update package delivery status,"Si vous avez récupéré ce colis, veuillez cliquer sur le bouton Colis récupéré pour mettre à jour l'état de livraison du colis","Se hai ritirato questo pacco, clicca sul pulsante Pacco ritirato per aggiornare lo stato di consegna del pacco","Wenn Sie dieses Paket abgeholt haben, klicken Sie bitte auf die Schaltfläche „Paket abgeholt“, um den Lieferstatus des Pakets zu aktualisieren.","Als u dit pakket heeft opgehaald, klikt u op de knop Pakket opgehaald om de bezorgstatus van het pakket bij te werken","Si recogió este paquete, haga clic en el botón Paquete recogido para actualizar el estado de entrega del paquete.","Os gwnaethoch gasglu'r pecyn hwn, cliciwch ar y botwm Collected package i ddiweddaru statws danfon y pecyn",,如果您已领取此包裹，请点击“已领取包裹”按钮来更新包裹递送状态,
package_collected,Package Collected,Package Collected,Colis récupéré,Pacchetto ritirato,Paket abgeholt,Pakket opgehaald,Paquete recogido,Pecyn a Gasglwyd,,包裹已领取,
issue_id,Issue ID,Issue ID,ID du problème,ID problema,Problem-ID,Probleem-ID,Identificación del problema,ID y mater,,问题 ID,
delete_issue,Delete Issue,Delete Issue,Supprimer le problème,Elimina problema,Problem löschen,Probleem verwijderen,Eliminar problema,Dileu Mater,,删除问题,
ticket_chat,Ticket Chat,Ticket Chat,Chat sur les tickets,Chat sui biglietti,Ticket-Chat,Ticketchat,Chat de tickets,Sgwrs Tocyn,,工单聊天,
issue_request_has_been_rejected_by,Issue request has been rejected by,Issue request has been rejected by,La demande d'émission a été rejetée par,La richiesta di emissione è stata rifiutata da,Ausgabeanfrage wurde abgelehnt von,Het probleemverzoek is afgewezen door,La solicitud de emisión ha sido rechazada por,Mae'r cais cyhoeddi wedi'i wrthod gan,,问题请求已被拒绝,
on_behalf_of,on behalf of,on behalf of,au nom de,per conto di,im Namen von,namens,a nombre de,ar ran,,代表,
next_action,Next Action,Next Action,Action suivante,Azione successiva,Nächste Aktion,Volgende actie,Siguiente acción,Gweithred Nesaf,,下一步行动,
assign_to_staff_member,Assign To Staff Member,Assign To Staff Member,Affecter à un membre du personnel,Assegna al membro dello staff,Einem Mitarbeiter zuweisen,Toewijzen aan personeelslid,Asignar a un miembro del personal,Neilltuo i Aelod o Staff,,分配给工作人员,
staff,Staff,Staff,Personnel,Personale,Personal,Personeel,Personal,Staff,,职员,
submit,Submit,Submit,Soumettre,Invia,Einreichen,Indienen,Entregar,Cyflwyno,,提交,
marked_the_issue_as_on_hold,marked the issue as on hold,marked the issue as on hold,a marqué le problème comme étant en attente,ha contrassegnato il problema come in attesa,das Problem als „auf Eis gelegt“ markiert,markeerde het probleem als in de wacht,marcó el problema como en espera,nodi bod y mater wedi'i ohirio,,将问题标记为暂停,
would_you_like_to_resume_this_issue?,would you like to resume this issue?,would you like to resume this issue?,Souhaitez-vous reprendre ce sujet ?,vuoi riprendere questo numero?,möchten Sie dieses Thema fortsetzen?,Wilt u dit probleem voortzetten?,¿Te gustaría retomar este tema?,hoffech chi ailafael yn y mater hwn?,,您想继续讨论这个问题吗？,
resume,Resume,Resume,CV,Riprendere,Wieder aufnehmen,Cv,Reanudar,Ail-ddechrau,,恢复,
accepted_the_issue,accepted the Issue,accepted the Issue,a accepté le problème,ha accettato la questione,akzeptierte das Problem,heeft de kwestie geaccepteerd,aceptó el problema,derbyn y mater,,接受了这个问题,
issue_has_been_resumed_by,Issue has been resumed by,Issue has been resumed by,Le problème a été repris par,Il problema è stato ripreso da,Die Ausgabe wurde wieder aufgenommen von,De kwestie is hervat door,La cuestión ha sido reanudada por,Mae'r mater wedi'i ailddechrau gan,,问题已恢复,
has_the_issue_been_resolved?,Has the issue been resolved?,Has the issue been resolved?,Le problème a-t-il été résolu ?,Il problema è stato risolto?,Wurde das Problem behoben?,Is het probleem opgelost?,¿Se ha resuelto el problema?,A yw'r mater wedi'i ddatrys?,,问题解决了吗？,
on_hold,On Hold,On Hold,En attente,In attesa,In der Warteschleife,In de wacht,En espera,Ar Dal,,等候接听,
issue_assigned_to,Issue assigned to,Issue assigned to,Problème attribué à,Problema assegnato a,Problem zugewiesen an,Probleem toegewezen aan,Problema asignado a,Mater wedi'i neilltuo i,,问题已分配给,
by,by,by,par,di,von,door,por,erbyn,,经过,
would_you_like_to_accept_this_issue?,would you like to accept this issue?,would you like to accept this issue?,Souhaitez-vous accepter ce problème ?,vuoi accettare questo problema?,möchten Sie dieses Problem annehmen?,Wilt u dit probleem accepteren?,¿Te gustaría aceptar este problema?,hoffech chi dderbyn y mater hwn?,,您愿意接受这个问题吗？,
reject,Reject,Reject,Rejeter,Rifiutare,Ablehnen,Afwijzen,Rechazar,Gwrthod,,拒绝,
accept,Accept,Accept,Accepter,Accettare,Akzeptieren,Accepteren,Aceptar,Derbyn,,接受,
error_while_getting_location_list_please_try_again,Error while Getting Location List. Please try again,Error while Getting Location List. Please try again.,Erreur lors de l'obtention de la liste des emplacements. Veuillez réessayer.,Errore durante il recupero dell'elenco delle posizioni. Riprova.,Beim Abrufen der Standortliste ist ein Fehler aufgetreten. Bitte versuchen Sie es erneut.,Fout bij het ophalen van de locatielijst. Probeer het opnieuw.,Error al obtener la lista de ubicaciones. Inténtalo de nuevo.,Gwall wrth Gael Rhestr Lleoliadau. Ceisiwch eto.,,获取位置列表时出错。请重试。,
"error_while_getting_location_list
_required_details","Error while Getting Location List.
 Required Details","Error while Getting Location List.
 Required Details","Erreur lors de l'obtention de la liste des emplacements.
Informations requises.","Errore durante il recupero dell'elenco delle posizioni.
Dettagli richiesti","Fehler beim Abrufen der Standortliste.
Erforderliche Angaben","Fout bij het ophalen van de locatielijst.
Vereiste gegevens","Error al obtener la lista de ubicaciones.
Detalles obligatorios.","Gwall wrth Gael Rhestr Lleoliadau.
 Manylion Angenrheidiol",,获取位置列表时出错。需要详细信息,
please_select_one_location_at_least,Please select one Location at least.,Please select one Location at least.,Veuillez sélectionner au moins un emplacement.,Seleziona almeno una posizione.,Bitte wählen Sie mindestens einen Standort aus.,Selecteer minimaal één locatie.,Seleccione al menos una ubicación.,Dewiswch o leiaf un Lleoliad.,,请至少选择一个位置。,
please_select_agreement_pdf_file,Please Select agreement PDF file,Please Select agreement PDF file.,Veuillez sélectionner le fichier PDF de l'accord.,Selezionare il file PDF dell'accordo.,Bitte wählen Sie die PDF-Datei mit der Vereinbarung aus.,Selecteer het PDF-bestand met de overeenkomst.,Por favor seleccione el archivo PDF del acuerdo.,Dewiswch ffeil PDF cytundeb.,,请选择协议PDF文件。,
please_enter_agreement_title,Please enter agreement title.,Please enter agreement title.,Veuillez saisir le titre de l'accord.,Inserisci il titolo dell'accordo.,Bitte geben Sie den Vertragstitel ein.,Voer de titel van de overeenkomst in.,Ingrese el título del acuerdo.,Rhowch deitl y cytundeb.,,请输入协议标题。,
agreement_details,Agreement Details,Agreement Details,Détails de l'accord,Dettagli dell'accordo,Vertragsdetails,Overeenkomstdetails,Detalles del acuerdo,Manylion Cytundeb,,协议细节,
published_on,Published On,Published On,Publié le,Pubblicato il,Veröffentlicht am,Gepubliceerd op,Publicado el,Cyhoeddwyd Ar,,发布日期,
view_agreement,View Agreement,View Agreement,Voir l'accord,Visualizza l'accordo,Vereinbarung anzeigen,Bekijk overeenkomst,Ver Acuerdo,Gweld Cytundeb,,查看协议,
accepted_by_user,Accepted by user,Accepted by user,Accepté par l'utilisateur,Accettato dall'utente,Vom Benutzer akzeptiert,Geaccepteerd door gebruiker,Aceptado por el usuario,Derbyniwyd gan y defnyddiwr,,被用户接受,
published_by,Published By,Published By,Publié par,Pubblicato da,Herausgegeben von,Gepubliceerd door,Publicado por,Cyhoeddwyd Gan,,发布者,
published_for_locations,Published for locations,Published for locations,Publié pour les emplacements,Pubblicato per le località,Veröffentlicht für Standorte,Gepubliceerd voor locaties,Publicado para ubicaciones,Cyhoeddwyd ar gyfer lleoliadau,,已发布地点,
are_you_sure_you_want_to_delete_this_agreement?,Are you sure you want to delete this agreement?,Are you sure you want to delete this agreement?,Êtes-vous sûr de vouloir supprimer cet accord ?,Sei sicuro di voler eliminare questo accordo?,Möchten Sie diese Vereinbarung wirklich löschen?,Weet u zeker dat u deze overeenkomst wilt verwijderen?,¿Está seguro de que desea eliminar este acuerdo?,Ydych chi'n si≈µr eich bod am ddileu'r cytundeb hwn?,,您确定要删除该协议吗？,
"confirm
_removeupdate","Confirm
 RemoveUpdate","Confirm
 RemoveUpdate","Confirmer
SupprimerMettre à jour","Conferma
RimuoviAggiorna","Bestätigen
Update entfernen","Bevestigen
VerwijderenUpdate","Confirmar
EliminarActualizar","Cadarnhau
 Dileu Diweddariad",,确认 RemoveUpdate,
agreements,Agreements,Agreements,accords,Accordi,Vereinbarungen,Overeenkomsten,Acuerdos,Cytundebau,,协议,
create_new_agreement,Create New Agreement,Create New Agreement,Créer un nouvel accord,Crea nuovo accordo,Neue Vereinbarung erstellen,Nieuwe overeenkomst maken,Crear nuevo acuerdo,Creu Cytundeb Newydd,,创建新协议,
search_agreement_by_name,Search Agreement by name,Search Agreement by name,Accord de recherche par nom,Cerca accordo per nome,Vereinbarung nach Namen suchen,Zoekovereenkomst op naam,Acuerdo de búsqueda por nombre,Chwilio Cytundeb yn √¥l enw,,按名称搜索协议,
title,Title,Title,Titre,Titolo,Titel,Titel,Título,Teitl,,标题,
date_created,Date Created,Date Created,Date de création,Data di creazione,Erstellungsdatum,Datum aangemaakt,Fecha de creación,Dyddiad Creu,,创建日期,
created_by,Created By,Created By,Créé par,Creato da,Erstellt von,Gemaakt door,Creado por,Cr√´wyd Gan,,创建者,
file_type,File Type,File Type,Type de fichier,Tipo di file,Dateityp,Bestandstype,Tipo de archivo,Math o Ffeil,,文件类型,
action,Action,Action,Action,Azione,Aktion,Actie,Acción,Gweithred,,行动,
details,Details,Details,Détails,Dettagli,Details,Details,Detalles,Manylion,,细节,
add_new_agreement,Add new Agreement,Add new Agreement,Ajouter un nouvel accord,Aggiungi nuovo accordo,Neue Vereinbarung hinzufügen,Nieuwe overeenkomst toevoegen,Añadir nuevo acuerdo,Ychwanegu Cytundeb newydd,,添加新协议,
update_agreement,Update Agreement,Update Agreement,Accord de mise à jour,Aggiorna accordo,Update-Vereinbarung,Updateovereenkomst,Acuerdo de actualización,Diweddaru Cytundeb,,更新协议,
add_question,Add Question,Add Question,Ajouter une question,Aggiungi domanda,Frage hinzufügen,Vraag toevoegen,Agregar pregunta,Ychwanegu Cwestiwn,,添加问题,
save,Save,Save,Sauvegarder,Salva,Speichern,Redden,Ahorrar,Arbed,,节省,
select_a_location_where_you_want_to_published_agreement,Select a Location where you want to published agreement,Select a Location where you want to published agreement,Sélectionnez un emplacement où vous souhaitez publier l'accord,Seleziona una posizione in cui desideri pubblicare l'accordo,"Wählen Sie einen Ort aus, an dem Sie die Vereinbarung veröffentlichen möchten",Selecteer een locatie waar u de overeenkomst wilt publiceren,Seleccione una ubicación donde desea publicar el acuerdo,Dewiswch Lleoliad lle rydych chi am gyhoeddi cytundeb,,选择您想要发布协议的位置,
agreement_document_file,Agreement document file,Agreement document file,Fichier de document d'accord,File del documento dell'accordo,Vereinbarungsdokumentdatei,Overeenkomstdocumentbestand,Archivo del documento del acuerdo,Ffeil dogfen cytundeb,,协议文件,
pdf_only_and_document_should_be_less_than_15_mb,PDF only and Document should be less than 15 MB,PDF only and Document should be less than 15 MB,PDF uniquement et le document doit faire moins de 15 Mo,Solo PDF e il documento deve essere inferiore a 15 MB,Nur PDF und das Dokument sollte kleiner als 15 MB sein,Alleen PDF en het document mag niet groter zijn dan 15 MB,Solo PDF y el documento debe tener menos de 15 MB,Dylai PDF yn unig a Dogfen fod yn llai na 15 MB,,仅限 PDF，且文档应小于 15 MB,
"add_agreement_document
_drop_file_here","Add Agreement Document
 Drop file here","Add Agreement Document
 Drop file here","Ajouter un document d'accord
Déposer le fichier ici","Aggiungi documento di accordo
Trascina il file qui","Vertragsdokument hinzufügen
Datei hier ablegen","Overeenkomstdocument toevoegen
Sleep het bestand hierheen","Añadir documento de acuerdo
Arrastre el archivo aquí","Ychwanegu Dogfen Gytundeb
 Gollwng ffeil yma",,添加协议文档 将文件拖放到此处,
drop_file_here,Drop file here,Drop file here,Déposez le fichier ici,Trascina il file qui,Datei hier ablegen,Zet het bestand hier neer,Suelte el archivo aquí,Gollwng ffeil yma,,将文件拖放到此处,
accepted_users,Accepted Users,Accepted Users,Utilisateurs acceptés,Utenti accettati,Akzeptierte Benutzer,Geaccepteerde gebruikers,Usuarios aceptados,Defnyddwyr a Dderbynnir,,接受用户,
search_ticket,Search Ticket,Search Ticket,Rechercher un ticket,Cerca biglietto,Ticket suchen,Zoek Ticket,Buscar ticket,Tocyn Chwilio,,搜索票证,
record_not_found,Record Not Found,Record Not Found,Enregistrement non trouvé,Record non trovato,Datensatz nicht gefunden,Record niet gevonden,Registro no encontrado,Cofnod Heb ei Ddarganfod,,未找到记录,
order_id,Order Id,Order Id,ID de commande,ID ordine,Bestellnummer,Bestellings-ID,Identificación del pedido,Id Gorchymyn,,订单编号,
ticket_no,Ticket No.,Ticket No.,Numéro de billet,Numero del biglietto,Ticket-Nr.,Ticketnr.,Número de billete,Tocyn Rhif.,,票号,
event_details,Event Details,Event Details,Détails de l'événement,Dettagli dell'evento,Veranstaltungsdetails,Evenementdetails,Detalles del evento,Manylion y Digwyddiad,,活动详情,
booked_by,Booked By,Booked By,Réservé par,Prenotato da,Gebucht von,Geboekt door,Reservado por,Wedi'i Archebu Gan,,预订人,
booked_at,Booked At,Booked At,Réservé à,Prenotato a,Gebucht am,Geboekt bij,Reservado en,Archebwyd Ar,,预订时间,
no_data_found,No data found,No data found,Aucune donnée trouvée,Nessun dato trovato,Keine Daten gefunden,Geen gegevens gevonden,No se encontraron datos,Heb ganfod data,,未找到数据,
booked,Booked,Booked,Réservé,Prenotato,Gebucht,Geboekt,Reservado,Wedi archebu,,已预订,
are_you_sure_you_want_to_redeem_this_ticket?,Are you sure you want to redeem this ticket?,Are you sure you want to redeem this Ticket?,Etes-vous sûr de vouloir utiliser ce billet ?,Sei sicuro di voler riscattare questo biglietto?,Möchten Sie dieses Ticket wirklich einlösen?,Weet u zeker dat u dit ticket wilt inwisselen?,¿Estás seguro que deseas canjear este billete?,Ydych chi'n si≈µr eich bod am adbrynu'r Tocyn hwn?,,您确定要兑换这张票吗？,
redeem,redeem,redeem,racheter,riscattare,tilgen,inwisselen,canjear,adbrynu,,赎回,
event_title,Event Title,Event Title,Titre de l'événement,Titolo dell'evento,Veranstaltungstitel,Titel van het evenement,Título del evento,Teitl y Digwyddiad,,活动标题,
event_price,Event Price,Event Price,Prix ​​de l'événement,Prezzo dell'evento,Veranstaltungspreis,Evenementprijs,Precio del evento,Pris y Digwyddiad,,活动价格,
event_date,Event date,Event date,Date de l'événement,Data dell'evento,Veranstaltungsdatum,Datum van het evenement,Fecha del evento,Dyddiad digwyddiad,,活动日期,
free,Free,Free,Gratuit,Gratuito,Frei,Vrij,Gratis,Rhad ac am ddim,,自由的,
tickets,Tickets,Tickets,Billets,Biglietti,Tickets,Kaartjes,Entradas,Tocynnau,,门票,
no_events_found,No Events Found,No Events Found,Aucun événement trouvé,Nessun evento trovato,Keine Ereignisse gefunden,Geen evenementen gevonden,No se encontraron eventos,Dim Digwyddiadau Wedi'u Canfod,,未找到任何事件,
create_poll,Create Poll,Create Poll,Créer un sondage,Crea sondaggio,Umfrage erstellen,Poll maken,Crear encuesta,Creu P√¥l,,创建投票,
select_community_for_poll,Select community for poll,Select community for poll,Sélectionnez la communauté pour le sondage,Seleziona la comunità per il sondaggio,Community für Umfrage auswählen,Selecteer community voor poll,Seleccione la comunidad para la encuesta,Dewiswch gymuned ar gyfer pleidleisio,,选择社区进行投票,
we_sent_an_email_confirmation_to,We sent an email confirmation to,We sent an email confirmation to,Nous avons envoyé un e-mail de confirmation à,Abbiamo inviato un'e-mail di conferma a,Wir haben eine E-Mail-Bestätigung gesendet an,We hebben een e-mailbevestiging gestuurd naar,Enviamos un correo electrónico de confirmación a,Anfonwyd cadarnhad e-bost at,,我们发送了电子邮件确认,
poll_name,Poll Name,Poll Name,Nom du sondage,Nome del sondaggio,Umfragename,Pollnaam,Nombre de la encuesta,Enw Pleidlais,,投票名称,
start_time,Start Time,Start Time,Heure de début,Ora di inizio,Startzeit,Starttijd,Hora de inicio,Amser Dechrau,,开始时间,
end_time,End Time,End Time,Fin des temps,Ora di fine,Endzeit,Eindtijd,Fin de los tiempos,Amser Gorffen,,结束时间,
poll_question,Poll Question,Poll Question,Question du sondage,Domanda del sondaggio,Umfragefrage,Pollvraag,Pregunta de la encuesta,Cwestiwn Pleidlais,,民意调查问题,
select_poll_type,Select Poll type,Select Poll type,Sélectionnez le type de sondage,Seleziona il tipo di sondaggio,Umfragetyp auswählen,Selecteer polltype,Seleccione el tipo de encuesta,Dewiswch y math o Bleidlais,,选择投票类型,
poll_options_or_answer,Poll Options or Answer,Poll Options or Answer,Options de sondage ou réponse,Opzioni del sondaggio o risposta,Umfrageoptionen oder Antwort,Poll-opties of antwoord,Opciones de encuesta o respuesta,Dewisiadau Pleidleisio neu Ateb,,投票选项或答案,
search_community,Search community,Search community,Rechercher dans la communauté,Cerca nella comunità,Community durchsuchen,Zoek community,Comunidad de búsqueda,Chwilio cymuned,,搜索社区,
select_a_community_where_you_want_to_share_this_poll,Select a community where you want to share this poll,select a community where you want to share this poll,sélectionnez une communauté avec laquelle vous souhaitez partager ce sondage,seleziona una comunità in cui vuoi condividere questo sondaggio,"Wählen Sie eine Community aus, in der Sie diese Umfrage teilen möchten",Selecteer een community waar u deze poll wilt delen,Selecciona una comunidad donde quieras compartir esta encuesta,dewiswch gymuned lle rydych am rannu'r p√¥l hwn,,选择您想要分享此投票的社区,
option_selection,Option Selection,Option Selection,Sélection d'options,Selezione delle opzioni,Optionsauswahl,Optieselectie,Selección de opciones,Dewis Opsiwn,,选项选择,
multiple_optimal_selection,Multiple Optimal Selection,Multiple Optimal Selection,Sélection optimale multiple,Selezione ottimale multipla,Mehrfache optimale Auswahl,Meervoudige optimale selectie,Selección óptima múltiple,Dewisiad Optimal Lluosog,,多重最优选择,
written_answer,Written Answer,Written Answer,Réponse écrite,Risposta scritta,Schriftliche Antwort,Schriftelijk antwoord,Respuesta escrita,Ateb Ysgrifenedig,,书面答复,
select_issue_date,Select Issue date,Select Issue date,Sélectionnez la date d'émission,Seleziona la data di emissione,Wählen Sie das Ausgabedatum,Selecteer uitgiftedatum,Seleccione la fecha de emisión,Dewiswch Dyddiad cyhoeddi,,选择发行日期,
select_due_date,Select Due date,Select Due date,Sélectionnez la date d'échéance,Seleziona la data di scadenza,Fälligkeitsdatum auswählen,Selecteer vervaldatum,Seleccionar fecha de vencimiento,Dewiswch Dyddiad dyledus,,选择到期日,
select_start_date,Select Start date,Select Start date,Sélectionnez la date de début,Seleziona la data di inizio,Startdatum auswählen,Selecteer startdatum,Seleccione Fecha de inicio,Dewiswch Dyddiad cychwyn,,选择开始日期,
select_interest_related_to_this_event,Select Interest related to this event,Select Interest related to this event,Sélectionnez l'intérêt lié à cet événement,Seleziona l'interesse correlato a questo evento,Wählen Sie Interesse im Zusammenhang mit dieser Veranstaltung,Selecteer interesse gerelateerd aan dit evenement,Seleccione interés relacionado con este evento,Dewiswch Diddordeb sy'n gysylltiedig √¢'r digwyddiad hwn,,选择与此活动相关的兴趣,
error_while_getting_community_list_please_try_again,Error while Getting Community List. Please try again.,Error while Getting Community List. Please try again.,Erreur lors de l'obtention de la liste des communautés. Veuillez réessayer.,Errore durante il recupero dell'elenco della community. Riprova.,Beim Abrufen der Community-Liste ist ein Fehler aufgetreten. Bitte versuchen Sie es erneut.,Fout bij het ophalen van de communitylijst. Probeer het opnieuw.,Error al obtener la lista de la comunidad. Inténtalo de nuevo.,Gwall wrth Gael Rhestr Gymunedol. Ceisiwch eto.,,获取社区列表时出错。请重试。,
error_while_getting_community_list,Error while Getting Community List.,Error while Getting Community List.,Erreur lors de l'obtention de la liste des communautés.,Errore durante il recupero dell'elenco della community.,Fehler beim Abrufen der Community-Liste.,Fout bij het ophalen van de communitylijst.,Error al obtener la lista de la comunidad.,Gwall wrth Gael Rhestr Gymunedol.,,获取社区列表时出错。,
start_date_should_be_less_than_end_date,Start date should be less than end date,Start date should be less than end date,La date de début doit être inférieure à la date de fin,La data di inizio dovrebbe essere inferiore alla data di fine,Das Startdatum muss vor dem Enddatum liegen,De startdatum moet korter zijn dan de einddatum,La fecha de inicio debe ser menor que la fecha de finalización,Dylai'r dyddiad dechrau fod yn llai na'r dyddiad gorffen,,开始日期应早于结束日期,
"end_date_should_be_greater_than_start_date
_required_details","End date should be greater than start date
 Required Details","End date should be greater than start date
 Required Details","La date de fin doit être supérieure à la date de début.
Détails requis","La data di fine deve essere successiva alla data di inizio
Dettagli richiesti","Das Enddatum muss nach dem Startdatum liegen.
Erforderliche Angaben","Einddatum moet later zijn dan startdatum
Vereiste gegevens","La fecha de finalización debe ser posterior a la fecha de inicio.
Detalles obligatorios","Dylai'r dyddiad gorffen fod yn fwy na'r dyddiad dechrau
 Manylion Angenrheidiol",,结束日期应晚于开始日期 必填项,
"please_select_one_community_at_least
_required_details","Please select one community at least.
 Required Details","Please select one community at least.
 Required Details","Veuillez sélectionner au moins une communauté.
Informations requises","Seleziona almeno una comunità.
Dettagli obbligatori","Bitte wählen Sie mindestens eine Community aus.
Erforderliche Angaben","Selecteer minimaal één community.
Vereiste gegevens","Seleccione al menos una comunidad.
Detalles obligatorios","Dewiswch o leiaf un gymuned.
 Manylion Angenrheidiol",,请至少选择一个社区。必填项,
please_add_one_question_at_least,Please add one question at least.,Please add one question at least.,Veuillez ajouter au moins une question.,Aggiungi almeno una domanda.,Bitte fügen Sie mindestens eine Frage hinzu.,Voeg minimaal één vraag toe.,Por favor añade al menos una pregunta.,Ychwanegwch un cwestiwn o leiaf.,,请至少添加一个问题。,
required_details,Required Details,Required Details,Détails requis,Dettagli richiesti,Erforderliche Details,Vereiste gegevens,Detalles requeridos,Manylion Angenrheidiol,,必填信息,
"please_select_end_date
_please_select_start_date","Please select end date.
 Please select start date.","Please select end date.
 Please select start date.","Veuillez sélectionner la date de fin.
Veuillez sélectionner la date de début.","Seleziona la data di fine.
Seleziona la data di inizio.","Bitte wählen Sie das Enddatum.
Bitte wählen Sie das Startdatum.","Selecteer een einddatum.
Selecteer een startdatum.",Seleccione la fecha de finalización. Seleccione la fecha de inicio.,"Dewiswch y dyddiad gorffen.
 Dewiswch y dyddiad cychwyn.",,请选择结束日期。请选择开始日期。,
please_enter_poll_name,Please enter poll name.,Please enter poll name.,Veuillez saisir le nom du sondage.,Inserisci il nome del sondaggio.,Bitte geben Sie den Umfragenamen ein.,Voer een pollnaam in.,Ingrese el nombre de la encuesta.,Rhowch enw'r bleidlais.,,请输入投票名称。,
custom_text,custom_text,custom_text,texte_personnalisé,testo_personalizzato,benutzerdefinierter Text,aangepaste_tekst,texto personalizado,testun_ arfer,,自定义文本,
this_question_already_exist,This question already exist,This question already exist,Cette question existe déjà,Questa domanda esiste già,Diese Frage existiert bereits,Deze vraag bestaat al,Esta pregunta ya existe,Mae'r cwestiwn hwn eisoes yn bodoli,,这个问题已经存在,
please_select_question_answer_type,Please select question answer type,Please select question answer type,Veuillez sélectionner le type de réponse à la question,Seleziona il tipo di risposta alla domanda,Bitte wählen Sie den Frage-Antwort-Typ,Selecteer het type vraagantwoord,Por favor seleccione el tipo de pregunta y respuesta,Dewiswch y math o gwestiwn ateb,,请选择问题答案类型,
please_add_two_option_at_least,Please add two option at least,Please add two option at least,Veuillez ajouter au moins deux options,Si prega di aggiungere almeno due opzioni,Bitte fügen Sie mindestens zwei Optionen hinzu,Voeg minimaal twee opties toe,Por favor agregue al menos dos opciones,Ychwanegwch ddau opsiwn o leiaf,,请至少添加两个选项,
please_enter_question,Please enter question,Please enter question,Veuillez saisir votre question,Inserisci la domanda,Bitte geben Sie eine Frage ein,Voer een vraag in,Por favor ingrese la pregunta,Rhowch gwestiwn,,请输入问题,
audience_poll,Audience poll,Audience poll,Sondage d'audience,Sondaggio del pubblico,Publikumsumfrage,Publiekspeiling,Encuesta de audiencia,P√¥l cynulleidfa,,观众投票,
create_new_poll,Create new poll,Create new Poll,Créer un nouveau sondage,Crea un nuovo sondaggio,Neue Umfrage erstellen,Nieuwe peiling maken,Crear nueva encuesta,Creu P√¥l newydd,,创建新投票,
no_polls_data_found,No polls data found,No polls data found,Aucune donnée de sondage trouvée,Nessun dato sui sondaggi trovato,Keine Umfragedaten gefunden,Geen peilingsgegevens gevonden,No se encontraron datos de encuestas,Ni chanfuwyd unrhyw ddata polau,,未找到民意调查数据,
active,Active,Active,Actif,Attivo,Aktiv,Actief,Activo,Actif,,积极的,
waiting,waiting,waiting,en attendant,in attesa,Warten,wachten,espera,aros,,等待,
poll,poll,poll,sondage,sondaggio,Umfrage,peiling,encuesta,pleidleisio,,轮询,
polls,polls,Polls,Sondages,Sondaggi,Umfragen,peilingen,Centro,Etholiadau,,民意调查,
question_count,Question Count,Question Count,Nombre de questions,Numero di domande,Anzahl der Fragen,Aantal vragen,Número de preguntas,Cyfrif Cwestiynau,,问题数量,
start,Start,Start,Commencer,Inizio,Start,Begin,Comenzar,Cychwyn,,开始,
end,End,End,Fin,FINE,Ende,Einde,Fin,Diwedd,,结尾,
votes,Votes,Votes,Votes,Voti,Stimmen,Stemmen,Votos,Pleidleisiau,,投票,
invoice,Invoice,Invoice,Facture,Fattura,Rechnung,Factuur,Factura,Anfoneb,,发票,
invoice_id,Invoice Id,Invoice Id,ID de facture,ID fattura,Rechnungs-ID,Factuur-ID,Identificación de la factura,Id Anfoneb,,发票编号,
member_information,Member Information,Member Information,Informations sur les membres,Informazioni sui membri,Mitgliedsinformationen,Ledeninformatie,Información del miembro,Gwybodaeth i Aelodau,,会员信息,
"to
_resident","To
 Resident","To
 Resident","À
Résident","A
Residente","An
Bewohner","Aan
Bewoner","Para
Residente","I
 Preswylydd",,致住户,
id_number,ID Number,ID Number,Numéro d'identification,Numero di identificazione,ID-Nummer,ID-nummer,Número de identificación,Rhif ID,,身份证号码,
issue_date,Issue Date,Issue Date,Date d'émission,Data di emissione,Ausgabedatum,Uitgiftedatum,Fecha de asunto,Dyddiad Cyhoeddi,,签发日期,
due_date,Due Date,Due Date,Date d'échéance,Scadenza,Fälligkeitsdatum,Deadline,Fecha de vencimiento,Dyddiad Cwblhau,,到期日,
paid_date,Paid Date,Paid Date,Date de paiement,Data di pagamento,Zahlungsdatum,Betaaldatum,Fecha de pago,Dyddiad Taledig,,付款日期,
period,Period,Period,Période,Periodo,Zeitraum,Periode,Período,Cyfnod,,时期,
vat,Tax,Vat,T.V.A,I.V.A,Mehrwertsteuer,Vat,Tina,Taw,,增值税,
generate_pdf,Generate PDF,Generate PDF,Générer un PDF,Genera PDF,PDF generieren,PDF genereren,Generar PDF,Cynhyrchu PDF,,生成 PDF,
quantity,Quantity,Quantity,Quantité,Quantità,Menge,Hoeveelheid,Cantidad,Nifer,,数量,
subtotal,Subtotal,Subtotal,Total,Subtotale,Zwischensumme,Subtotaal,Total parcial,Is-gyfanswm,,小计,
total_tax,Total Tax,Total Tax,Total des impôts,Imposta totale,Gesamtsteuer,Totale belasting,Impuesto total,Cyfanswm Treth,,总税额,
amount_due,Amount Due,Amount Due,Montant dû,Importo dovuto,Fälliger Betrag,Verschuldigd bedrag,Monto adeudado,Swm Dyledus,,应付金额,
payments,Payments,Payments,Paiements,Pagamenti,Zahlungen,Betalingen,Pagos,Taliadau,,付款,
add_manual_payment,Add Manual Payment,Add Manual Payment,Ajouter un paiement manuel,Aggiungi pagamento manuale,Manuelle Zahlung hinzufügen,Handmatige betaling toevoegen,Agregar pago manual,Ychwanegu Taliad √¢ Llaw,,添加手动付款,
methods,Methods,Methods,Méthodes,Metodi,Methoden,Methoden,Métodos,Dulliau,,方法,
reference,Reference,Reference,Référence,Riferimento,Referenz,Referentie,Referencia,Cyfeiriad,,参考,
date,Date,Date,Date,Data,Datum,Datum,Fecha,Dyddiad,,日期,
amount,Amount,Amount,Montant,Quantità,Menge,Hoeveelheid,Cantidad,Swm,,数量,
export,Export,Export,Exporter,Esportare,Export,Exporteren,Exportar,Allforio,,出口,
settings,Settings,Settings,Paramètres,Impostazioni,Einstellungen,Instellingen,Ajustes,Gosodiadau,,设置,
new_payment,New Payment,New Payment,Nouveau paiement,Nuovo pagamento,Neue Zahlung,Nieuwe betaling,Nuevo pago,Taliad Newydd,,新付款方式,
tenant,Tenant,Tenant,Locataire,Inquilino,Mieter,Huurder,Arrendatario,Tenant,,租户,
payment_date,Payment Date,Payment Date,Date de paiement,Data di pagamento,Zahlungsdatum,Betaaldatum,Fecha de pago,Dyddiad Talu,,付款日期,
payment_method,Payment Method,Payment Method,Mode de paiement,Metodo di pagamento,Zahlungsmethode,Betaalmethode,Método de pago,Dull Talu,,付款方式,
inactive,Inactive,Inactive,Inactif,Inattivo,Inaktiv,Inactief,Inactivo,Anactif,,不活跃,
draft,Draft,Draft,Brouillon,Bozza,Entwurf,Voorlopige versie,Borrador,Drafft,,草稿,
archived,Archived,Archived,Archivé,Archiviato,Archiviert,Gearchiveerd,Archivado,Wedi'i archifo,,已归档,
billing,Billing,Billing,Facturation,Fatturazione,Abrechnung,Facturering,Facturación,Bilio,,计费,
benefits,Benefits,Benefits,Avantages,Benefici,Vorteile,Voordelen,Beneficios,Budd-daliadau,,好处,
student_room,Student room,Student room,Chambre étudiante,Camera per studenti,Studentenzimmer,Studentenkamer,Habitación de estudiantes,Ystafell myfyrwyr,,学生房间,
conference_room,Conference Room,Conference Room,Salle de conférence,Sala conferenze,Konferenzraum,Vergaderruimte,Sala de conferencias,Ystafell Gynadledda,,会议室,
main_enter_gate_1,Main Enter gate 1,Main Enter gate 1,Entrée principale porte 1,Ingresso principale cancello 1,Haupteingangstor 1,Hoofdingang 1,Puerta de entrada principal 1,Prif gi√¢t mynediad 1,,主入口 1 号门,
meeting_conference_room_booking,Meeting Conference room Booking,Meeting Conference room Booking,Réservation de salle de conférence,Prenotazione sala conferenze per riunioni,Meeting Konferenzraum Buchung,Vergadering Conferentieruimte Reserveren,Reserva de salas de reuniones y conferencias,Ystafell Gynadledda Cyfarfod Archebu,,会议会议室预订,
room_booking,Room Booking,Room Booking,Réservation de chambre,Prenotazione della camera,Zimmerbuchung,Kamerreservering,Reserva de habitaciones,Archebu Ystafell,,客房预订,
party_hall_booking,Party Hall Booking,Party Hall Booking,Réservation de salle de fête,Prenotazione sala per feste,Partysaal buchen,Reservering feestzaal,Reserva de salón de fiestas,Archebu Neuadd Barti,,宴会厅预订,
period_between_each_payment,Period between each payment,Period between each payment,Période entre chaque paiement,Periodo tra ogni pagamento,Zeitraum zwischen den einzelnen Zahlungen,Periode tussen elke betaling,Periodo entre cada pago,Y cyfnod rhwng pob taliad,,每次付款之间的时间间隔,
monthly,Monthly,Monthly,Mensuel,Mensile,Monatlich,Maandelijks,Mensual,Yn fisol,,每月,
yearly,Yearly,Yearly,Annuel,Annuale,Jährlich,Jaarlijks,Anual,Yn flynyddol,,每年,
monthly/yearly,Monthly/Yearly,Monthly/Yearly,Mensuel/Annuel,Mensile/Annuale,Monatlich/Jährlich,Maandelijks/Jaarlijks,Mensual/Anual,Misol/Blynyddol,,每月/每年,
discount_type,Discount Type,Discount Type,Type de remise,Tipo di sconto,Rabattart,Kortingstype,Tipo de descuento,Math o Gostyngiad,,折扣类型,
select_user_group,Select User Group,Select User Group,Sélectionner un groupe d'utilisateurs,Seleziona gruppo utenti,Benutzergruppe auswählen,Selecteer gebruikersgroep,Seleccionar grupo de usuarios,Dewiswch Gr≈µp Defnyddwyr,,选择用户组,
selected_file_already_exist_in_list,Selected file already exist in list,Selected file already exist in list,Le fichier sélectionné existe déjà dans la liste,Il file selezionato esiste già nell'elenco,Die ausgewählte Datei ist bereits in der Liste vorhanden.,Geselecteerd bestand bestaat al in de lijst,El archivo seleccionado ya existe en la lista,Mae'r ffeil a ddewiswyd eisoes yn bodoli yn y rhestr,,选定的文件已存在于列表中,
you_can_selected_only_three_files,You can selected only three files,You can selected only three files,Vous ne pouvez sélectionner que trois fichiers,Puoi selezionare solo tre file,Sie können nur drei Dateien auswählen,U kunt slechts drie bestanden selecteren,Puedes seleccionar solo tres archivos,Dim ond tair ffeil y gallwch chi eu dewis,,您只能选择三个文件,
alert,Alert,Alert,Alerte,Attenzione,Alarm,Waarschuwing,Alerta,Rhybudd,,警报,
memberships_term_removed,Memberships Term removed,Memberships Term removed,Adhésions Terme supprimé,Termine di appartenenza rimosso,Mitgliedschaften Laufzeit entfernt,Lidmaatschapstermijn verwijderd,Se eliminó el plazo de membresía,Tynnwyd y tymor aelodaeth,,会员期限已删除,
enter_a_plan_name,Enter a plan name,Enter a plan name,Entrez un nom de plan,Inserisci un nome per il piano,Geben Sie einen Plannamen ein,Voer een plannaam in,Introduzca un nombre de plan,Rhowch enw cynllun,,输入计划名称,
select_user_group,Select User Group,Select User Group,Sélectionner un groupe d'utilisateurs,Seleziona gruppo utenti,Benutzergruppe auswählen,Selecteer gebruikersgroep,Seleccionar grupo de usuarios,Dewiswch Gr≈µp Defnyddwyr,,选择用户组,
select_period_between_each_payment,Select Period between each payment,Select Period between each payment,Sélectionnez la période entre chaque paiement,Seleziona il periodo tra ogni pagamento,Wählen Sie den Zeitraum zwischen den einzelnen Zahlungen,Selecteer de periode tussen elke betaling,Seleccione el período entre cada pago,Dewiswch Cyfnod rhwng pob taliad,,选择每次付款之间的时间间隔,
please_enter_description,Please enter description,Please enter description,Veuillez entrer une description,Inserisci una descrizione,Bitte geben Sie eine Beschreibung ein,Voer een beschrijving in,Por favor ingrese una descripción,Rhowch ddisgrifiad,,请输入描述,
please_select_header_image,Please select header image,Please select header image,Veuillez sélectionner l'image d'en-tête,Seleziona l'immagine dell'intestazione,Bitte wählen Sie ein Headerbild aus,Selecteer de headerafbeelding,Por favor seleccione la imagen del encabezado,Dewiswch ddelwedd pennyn,,请选择标题图片,
please_enter_tax_type,Please enter tax type,Please enter tax type,Veuillez saisir le type de taxe,Inserisci il tipo di imposta,Bitte geben Sie die Steuerart ein,Voer het belastingtype in,"Por favor, introduzca el tipo de impuesto",Nodwch y math o dreth,,请输入税种,
error_while_saving,Error while saving.,Error while saving.,Erreur lors de l'enregistrement.,Errore durante il salvataggio.,Fehler beim Speichern.,Fout bij het opslaan.,Error al guardar.,Gwall wrth gadw.,,保存时出错。,
error_while_getting_location_list,Error while getting location list,Error while Getting Location List.,Erreur lors de l'obtention de la liste des emplacements.,Errore durante il recupero dell'elenco delle posizioni.,Fehler beim Abrufen der Standortliste.,Fout bij het ophalen van de locatielijst.,Error al obtener la lista de ubicaciones.,Gwall wrth Gael Rhestr Lleoliadau.,,获取位置列表时出错。,
memberships_details,Memberships Details,Memberships Details,Détails des adhésions,Dettagli sulle iscrizioni,Mitgliedschaftsdetails,Lidmaatschapsdetails,Detalles de membresías,Manylion Aelodaeth,,会员详情,
available_for,Available for,Available for,Disponible pour,Disponibile per,Verfügbar für,Beschikbaar voor,Disponible para,Ar gael ar gyfer,,适用于,
registered_members,Registered Members,Registered Members,Membres enregistrés,Membri registrati,Registrierte Mitglieder,Geregistreerde leden,Miembros registrados,Aelodau Cofrestredig,,注册会员,
membership_includes,Membership Includes,Membership Includes,L'adhésion comprend,L'iscrizione include,Die Mitgliedschaft beinhaltet,Het lidmaatschap omvat,La membresía incluye,Aelodaeth yn cynnwys,,会员资格包括,
price_details,Price Details,Price Details,Détails des prix,Dettagli del prezzo,Preisdetails,Prijsdetails,Detalles de precios,Manylion Pris,,价格详情,
setup_fee,Setup Fee,Setup Fee,Frais d'installation,Costo di installazione,Einrichtungsgebühr,Installatiekosten,Tarifa de instalación,Ffi Gosod,,安装费,
price_per_month,Price per month,Price per month,Prix ​​par mois,Prezzo al mese,Preis pro Monat,Prijs per maand,Precio por mes,Pris y mis,,每月价格,
price_per_year,Price per year,Price per year,Prix ​​par an,Prezzo all'anno,Preis pro Jahr,Prijs per jaar,Precio por año,Pris y flwyddyn,,每年价格,
required_legal_documents,Required Legal Documents,Required Legal Documents,Documents juridiques requis,Documenti legali richiesti,Erforderliche Rechtsdokumente,Vereiste juridische documenten,Documentos legales requeridos,Dogfennau Cyfreithiol Angenrheidiol,,所需法律文件,
available_across_locations,Available Across Locations,Available Across Locations,Disponible dans tous les emplacements,Disponibile in tutte le sedi,Standortübergreifend verfügbar,Beschikbaar op alle locaties,Disponible en todas las ubicaciones,Ar gael ar draws Lleoliadau,,跨地区提供,
are_you_sure_you_want_to_this_membership?,Are you sure you want to this membership?,Are you sure you want to this membership?,Etes-vous sûr de vouloir souscrire à cet abonnement ?,Sei sicuro di voler sottoscrivere questo abbonamento?,"Sind Sie sicher, dass Sie diese Mitgliedschaft möchten?",Weet u zeker dat u dit lidmaatschap wilt?,¿Estás seguro que deseas esta membresía?,Ydych chi'n si≈µr eich bod am ymuno √¢'r aelodaeth hon?,,您确定要成为该会员吗？,
you_have_to_add_billing_details_before_publishing_a_membership,You have to add billing details before publishing a membership.,You have to add billing details before publishing a membership.,Vous devez ajouter les détails de facturation avant de publier un abonnement.,Prima di pubblicare un abbonamento è necessario aggiungere i dettagli di fatturazione.,"Sie müssen Rechnungsdetails hinzufügen, bevor Sie eine Mitgliedschaft veröffentlichen.",U moet factuurgegevens toevoegen voordat u een lidmaatschap publiceert.,Debe agregar detalles de facturación antes de publicar una membresía.,Mae'n rhaid i chi ychwanegu manylion bilio cyn cyhoeddi aelodaeth.,,您必须在发布会员资格之前添加账单详细信息。,
category_name,Category Name,Category Name,Nom de la catégorie,Nome della categoria,Kategoriename,Categorienaam,Nombre de la categoría,Enw Categori,,类别名称,
number_of_event,Number of Event,Number of Event,Nombre d'événements,Numero di eventi,Nummer des Ereignisses,Aantal gebeurtenissen,Número de evento,Nifer y Digwyddiad,,事件数量,
created_at,Created At,Created At,Créé à,Creato a,Erstellt am,Gemaakt op,Creado en,Wedi'i greu yn,,创建于,
event,Event,Event,Événement,Evento,Ereignis,Evenement,Evento,Digwyddiad,,事件,
events,Events,Events,Événements,Eventi,Veranstaltungen,Evenementen,Eventos,Digwyddiadau,,活动,
no_category_found,No Category Found,No Category Found,Aucune catégorie trouvée,Nessuna categoria trovata,Keine Kategorie gefunden,Geen categorie gevonden,No se encontró ninguna categoría,Heb ganfod categori,,未找到类别,
select_category_for_your_event,Select category for your event,Select category for your event,Sélectionnez la catégorie pour votre événement,Seleziona la categoria per il tuo evento,Wählen Sie eine Kategorie für Ihre Veranstaltung,Selecteer een categorie voor uw evenement,Seleccione la categoría para su evento,Dewiswch gategori ar gyfer eich digwyddiad,,选择您的活动类别,
event_admin,Event admin,Event admin,Administrateur d'événements,Amministratore dell'evento,Veranstaltungsadministrator,Evenementbeheerder,Administrador de eventos,Gweinyddwr digwyddiad,,活动管理员,
basic_details,Basic Details,Basic Details,Détails de base,Dettagli di base,Grundlegende Details,Basisgegevens,Detalles básicos,Manylion Sylfaenol,,基本细节,
additional_details,Additional details,Additional details,Détails supplémentaires,Ulteriori dettagli,Weitere Details,Aanvullende details,Detalles adicionales,Manylion ychwanegol,,更多详细信息,
please_create_slots,Please create slots,Please create slots,Veuillez créer des créneaux horaires,Si prega di creare degli slot,Bitte erstellen Sie Slots,Maak alstublieft slots aan,Por favor crea espacios,Cr√´wch slotiau,,请创建插槽,
please_enter_address_for_offline_event,Please enter address for offline event.,Please enter address for offline event.,Veuillez saisir l'adresse pour l'événement hors ligne.,Inserisci l'indirizzo per l'evento offline.,Bitte geben Sie die Adresse für die Offline-Veranstaltung ein.,Voer het adres in voor een offline evenement.,Ingrese la dirección para el evento fuera de línea.,Rhowch gyfeiriad ar gyfer digwyddiad all-lein.,,请输入线下活动地址。,
please_enter_address_details,Please enter address details,Please enter address details,Veuillez saisir les détails de l'adresse,Inserisci i dettagli dell'indirizzo,Bitte geben Sie Adressdaten ein,Vul uw adresgegevens in,"Por favor, introduzca los datos de la dirección",Rhowch fanylion y cyfeiriad,,请输入地址详情,
please_enter_event_url,Please enter Event url,Please enter Event url,Veuillez saisir l'URL de l'événement,Inserisci l'URL dell'evento,Bitte geben Sie die Event-URL ein,Voer de URL van het evenement in,"Por favor, introduzca la URL del evento",Rhowch url Digwyddiad,,请输入活动网址,
please_enter_event_name,Please enter event name,Please enter event name,Veuillez saisir le nom de l'événement,Inserisci il nome dell'evento,Bitte geben Sie den Veranstaltungsnamen ein,Voer de naam van het evenement in,"Por favor, introduzca el nombre del evento",Rhowch enw'r digwyddiad,,请输入活动名称,
please_enter_valid_event_description,Please enter valid event description,Please enter valid event description,Veuillez saisir une description d'événement valide,Inserisci una descrizione valida dell'evento,Bitte geben Sie eine gültige Ereignisbeschreibung ein,Voer een geldige gebeurtenisbeschrijving in,Ingrese una descripción válida del evento,Rhowch ddisgrifiad dilys o'r digwyddiad,,请输入有效的事件描述,
please_select_event_admin,Please select event admin,Please select event admin,Veuillez sélectionner l'administrateur de l'événement,Seleziona l'amministratore dell'evento,Bitte wählen Sie den Event-Admin,Selecteer evenementbeheerder,Por favor seleccione el administrador del evento,Dewiswch weinyddwr digwyddiad,,请选择活动管理员,
please_upload_images,Please upload images,Please upload images,Veuillez télécharger des images,Si prega di caricare le immagini,Bitte laden Sie Bilder hoch,Upload afbeeldingen,Por favor sube imágenes,Llwythwch luniau i fyny,,请上传图片,
tell_the_world_about_your_event,Tell the world about your event,Tell the world about your event,Parlez de votre événement au monde entier,Racconta al mondo il tuo evento,Erzählen Sie der Welt von Ihrer Veranstaltung,Vertel de wereld over uw evenement,Cuéntale al mundo sobre tu evento,Dywedwch wrth y byd am eich digwyddiad,,向世界介绍您的活动,
event_name,Event name,Event name,Nom de l'événement,Nome dell'evento,Ereignisname,Naam van het evenement,Nombre del evento,Enw'r digwyddiad,,活动名称,
select_event_admin_(optional),Select Event Admin (optional),Select Event Admin (optional),Sélectionnez l'administrateur de l'événement (facultatif),Seleziona Amministratore evento (facoltativo),Wählen Sie Event Admin (optional),Selecteer Gebeurtenisbeheerder (optioneel),Seleccionar administrador de eventos (opcional),Dewiswch Weinyddwr Digwyddiad (dewisol),,选择活动管理员（可选）,
feature_on_homepage,Feature on homepage,Feature on homepage,Fonctionnalité sur la page d'accueil,Funzionalità sulla homepage,Funktion auf der Homepage,Functie op de homepage,Artículo destacado en la página de inicio,Nodwedd ar hafan,,主页上的特色,
continue_to_time_and_location,Continue to time and location,Continue to time and location,Continuer vers le temps et le lieu,Continua a tempo e luogo,Weiter zu Zeit und Ort,Ga verder naar tijd en locatie,Continuar con el tiempo y la ubicación,Parhau i amser a lleoliad,,继续时间和地点,
write_message,Write message...,Write message...,Écrire un message...,Scrivi un messaggio...,Nachricht schreiben...,Bericht schrijven...,Escribe un mensaje...,Ysgrifennu neges...,,写消息...,
describe_your_event,Describe your event,Describe your event,Décrivez votre événement,Descrivi il tuo evento,Beschreiben Sie Ihre Veranstaltung,Beschrijf uw evenement,Describe tu evento,Disgrifiwch eich digwyddiad,,描述您的活动,
select_event_date_and_time,Select Event Date and Time,Select Event Date and Time,Sélectionnez la date et l'heure de l'événement,Seleziona data e ora dell'evento,Wählen Sie Datum und Uhrzeit der Veranstaltung aus,Selecteer datum en tijd van het evenement,Seleccionar fecha y hora del evento,Dewiswch Dyddiad ac Amser Digwyddiad,,选择活动日期和时间,
view_/_edit_slots,View / Edit Slots,View / Edit Slots,Afficher/Modifier les emplacements,Visualizza/modifica slot,Slots anzeigen/bearbeiten,Bekijk/bewerk slots,Ver/Editar ranuras,Gweld / Golygu Slotiau,,查看/编辑插槽,
please_select_valid_date,Please select valid date,Please select valid date,Veuillez sélectionner une date valide,Seleziona una data valida,Bitte wählen Sie ein gültiges Datum,Selecteer een geldige datum,Por favor seleccione una fecha válida,Dewiswch ddyddiad dilys,,请选择有效日期,
select_event_location,Select Event Location,Select Event Location,Sélectionnez le lieu de l'événement,Seleziona la posizione dell'evento,Veranstaltungsort auswählen,Selecteer evenementlocatie,Seleccionar la ubicación del evento,Dewiswch Lleoliad Digwyddiad,,选择活动地点,
this_is_a_virtual_event,This is a virtual event,This is a virtual event,Il s'agit d'un événement virtuel,Questo è un evento virtuale,Dies ist eine virtuelle Veranstaltung,Dit is een virtueel evenement,Este es un evento virtual,Digwyddiad rhithwir yw hwn,,这是一个虚拟事件,
address_line_1,Address Line 1,Address Line 1,Adresse Ligne 1,Indirizzo Linea 1,Adresszeile 1,Adresregel 1,Dirección Línea 1,Llinell Cyfeiriad 1,,地址第一行,
address_line_2,Address Line 2,Address Line 2,Adresse ligne 2,Indirizzo riga 2,Adresszeile 2,Adresregel 2,Línea de dirección 2,Llinell Cyfeiriad 2,,地址第 2 行,
address_details,Address Details,Address Details,Détails de l'adresse,Dettagli dell'indirizzo,Adressdetails,Adresgegevens,Detalles de la dirección,Manylion Cyfeiriad,,地址详情,
connection_details,Connection details,Connection details,Détails de connexion,Dettagli di connessione,Verbindungsdetails,Verbindingsgegevens,Detalles de la conexión,Manylion cyswllt,,连接详细信息,
continue_to_tickets,Continue to tickets,Continue to tickets,Continuer vers les billets,Continua ai biglietti,Weiter zu den Tickets,Ga door naar tickets,Continuar con las entradas,Parhewch i docynnau,,继续购票,
create_your_ticket_types,Create your ticket types,Create your ticket types,Créez vos types de billets,Crea i tuoi tipi di biglietto,Erstellen Sie Ihre Ticketarten,Maak uw tickettypes aan,Crea tus tipos de tickets,Creu eich mathau o docynnau,,创建您的票证类型,
please_be_sure_to_add_taxes_on_top_of_ticket_prices_after_this_event_has_been_created,Please be sure to add taxes on top of ticket prices after this event has been created.,Please be sure to add taxes on top of ticket prices after this event has been created.,Assurez-vous d'ajouter les taxes au prix des billets après la création de cet événement.,"Dopo aver creato l'evento, assicurati di aggiungere le tasse al prezzo del biglietto.","Bitte denken Sie daran, nach der Erstellung dieser Veranstaltung zusätzlich zu den Ticketpreisen Steuern hinzuzufügen.",Zorg ervoor dat u de belastingen over de ticketprijs heen rekent nadat het evenement is aangemaakt.,Asegúrese de agregar impuestos a los precios de las entradas después de que se haya creado este evento.,Gwnewch yn si≈µr eich bod chi'n ychwanegu trethi ar ben prisiau tocynnau ar √¥l i'r digwyddiad hwn gael ei greu.,,活动结束后，请务必在门票价格上添加税费。,
add_another_ticket,Add Another ticket,Add Another ticket,Ajouter un autre ticket,Aggiungi un altro biglietto,Weiteres Ticket hinzufügen,Nog een ticket toevoegen,Agregar otro ticket,Ychwanegu tocyn arall,,添加另一张票,
ticket_name,Ticket name,Ticket name,Nom du billet,Nome del biglietto,Ticketname,Ticketnaam,Nombre del billete,Enw tocyn,,票名,
actions,Actions,Actions,Actes,Azioni,Aktionen,Acties,Comportamiento,Gweithredoedd,,行动,
cost,Cost,Cost,Coût,Costo,Kosten,Kosten,Costo,Cost,,成本,
continue_to_additional_details,Continue to additional details,Continue to additional details,Continuer vers des détails supplémentaires,Continua per ulteriori dettagli,Weiter zu weiteren Details,Ga verder naar aanvullende details,Continuar con detalles adicionales,Ewch ymlaen i fanylion ychwanegol,,继续查看更多详细信息,
save_event,Save Event,Save Event,Enregistrer l'événement,Salva evento,Ereignis speichern,Evenement opslaan,Guardar evento,Digwyddiad Achub,,保存事件,
update_event,Update Event,Update Event,Événement de mise à jour,Aggiorna evento,Update-Ereignis,Gebeurtenis bijwerken,Actualizar evento,Digwyddiad Diweddaru,,更新事件,
attendees,Attendees,Attendees,Participants,Partecipanti,Teilnehmer,Aanwezigen,Asistentes,Mynychwyr,,参会者,
available_spaces,Available Spaces,Available Spaces,Espaces disponibles,Spazi disponibili,Verfügbare Plätze,Beschikbare ruimtes,Espacios disponibles,Lleoedd Sydd Ar Gael,,可用空间,
available_tickets,Available Tickets,Available Tickets,Billets disponibles,Biglietti disponibili,Verfügbare Tickets,Beschikbare tickets,Entradas disponibles,Tocynnau Ar Gael,,可用门票,
interests,Interests,Interests,Intérêts,Interessi,Interessen,Interesses,Intereses,Diddordebau,,兴趣,
event_feature_tags,Event Feature Tags,Event Feature Tags,Balises de fonctionnalités de l'événement,Tag delle funzionalità dell'evento,Ereignis-Feature-Tags,Tags voor evenementfuncties,Etiquetas destacadas del evento,Tagiau Nodwedd Digwyddiad,,活动特色标签,
event_host_by,Event Host By,Event Host By,Organisateur de l'événement par,Organizzatore dell'evento,Gastgeber der Veranstaltung,Evenement gastheer door,Anfitrión del evento por,Trefnydd y Digwyddiad Gan,,活动主持人,
open_chat,Open Chat,Open Chat,Ouvrir le chat,Apri chat,Chat öffnen,Open chat,Chat abierto,Agor Sgwrs,,打开聊天,
archive_event,Archive Event,Archive Event,Archiver les événements,Archivio eventi,Archivereignis,Archief evenement,Evento de archivo,Digwyddiad Archif,,存档事件,
cancel_event,Cancel Event,Cancel Event,Annuler l'événement,Annulla evento,Veranstaltung abbrechen,Evenement annuleren,Cancelar evento,Canslo Digwyddiad,,取消事件,
available_slots,Available slots,Available slots,Emplacements disponibles,Slot disponibili,Verfügbare Slots,Beschikbare slots,Ranuras disponibles,Slotiau sydd ar gael,,可用插槽,
are_you_sure_you_want_to_delete,"Are you sure, you want to delete","Are you sure, you want to delete",Etes-vous sûr de vouloir supprimer,Sei sicuro di voler eliminare,"Sind Sie sicher, dass Sie löschen möchten",Weet u zeker dat u wilt verwijderen?,¿Estás seguro que deseas eliminar?,"Ydych chi'n si≈µr, rydych chi am ddileu",,您确定要删除吗,
slot,slot,slot,fente,fessura,Slot,sleuf,ranura,slot,,投币口,
add_custom_slot,Add Custom slot,Add Custom slot,Ajouter un emplacement personnalisé,Aggiungi slot personalizzato,Benutzerdefinierten Slot hinzufügen,Aangepaste sleuf toevoegen,Agregar ranura personalizada,Ychwanegu slot Custom,,添加自定义插槽,
remove_all_slots,Remove all slots,Remove all slots,Supprimer tous les emplacements,Rimuovi tutti gli slot,Entfernen Sie alle Steckplätze,Verwijder alle slots,Eliminar todas las ranuras,Tynnwch yr holl slotiau,,移除所有插槽,
please_enter_ticket_name,Please enter ticket name,Please enter ticket name,Veuillez saisir le nom du ticket,Inserisci il nome del biglietto,Bitte geben Sie den Ticketnamen ein,Voer de ticketnaam in,"Por favor, introduzca el nombre del ticket",Rhowch enw'r tocyn,,请输入票名,
please_enter_cost,Please enter cost,Please enter cost,Veuillez saisir le coût,Inserisci il costo,Bitte geben Sie die Kosten ein,Voer de kosten in,Por favor ingrese el costo,Nodwch y gost,,请输入费用,
please_enter_valid_cost,Please enter valid cost,Please enter valid cost,Veuillez saisir un coût valide,Inserisci un costo valido,Bitte geben Sie gültige Kosten ein,Voer een geldige prijs in,Por favor ingrese un costo válido,Rhowch gost ddilys,,请输入有效费用,
create_ticket_slots,Create Ticket Slots,Create Ticket Slots,Créer des emplacements de billets,Crea slot per biglietti,Ticket-Slots erstellen,Ticketslots aanmaken,Crear espacios para tickets,Creu Slotiau Tocynnau,,创建票位,
edit_ticket_slots,Edit Ticket Slots,Edit Ticket Slots,Modifier les créneaux horaires des billets,Modifica slot biglietti,Ticket-Slots bearbeiten,Ticketslots bewerken,Editar espacios para tickets,Golygu Slotiau Tocyn,,编辑票位,
set_start_and_end_date_/_time,Set start and end Date / Time,Set start and end Date / Time,Définir la date/heure de début et de fin,Imposta data/ora di inizio e fine,Start- und Enddatum/-uhrzeit festlegen,Begin- en einddatum/tijd instellen,Establecer fecha/hora de inicio y finalización,Gosod dechrau a diwedd Dyddiad / Amser,,设置开始和结束日期/时间,
start_date,Start Date,Start Date,Date de début,Data di inizio,Startdatum,Startdatum,Fecha de inicio,Dyddiad Dechrau,,开始日期,
end_date,End Date,End Date,Date de fin,Data di fine,Enddatum,Einddatum,Fecha de finalización,Dyddiad Gorffen,,结束日期,
per_slot_duration,Per slot Duration,Per slot Duration,Durée par créneau,Durata per slot,Dauer pro Slot,Per slot Duur,Duración por ranura,Hyd y slot,,每时段时长,
ticket_slot_duration_(mins),Ticket Slot Duration (mins),Ticket Slot Duration (mins),Durée du créneau horaire du ticket (min),Durata dello slot del biglietto (minuti),Dauer des Ticket-Slots (Min.),Duur van het ticketslot (min),Duración de la ranura del boleto (minutos),Hyd Slot Tocyn (munudau),,票槽时长（分钟）,
tickets_per_slot,Tickets per slot,Tickets per slot,Tickets par créneau,Biglietti per slot,Tickets pro Slot,Tickets per slot,Entradas por franja horaria,Tocynnau fesul slot,,每张门票,
how_many_tickets_are_available,How many tickets are available,How many tickets are available,Combien de billets sont disponibles,Quanti biglietti sono disponibili?,Wie viele Tickets sind verfügbar,Hoeveel tickets zijn er beschikbaar?,¿Cuántas entradas hay disponibles?,Sawl tocyn sydd ar gael,,有多少张票可用,
summary,Summary,Summary,Résumé,Riepilogo,Zusammenfassung,Samenvatting,Resumen,Crynodeb,,概括,
tickets_are_already_booked_you_can_not_set_less_than,"tickets are already booked, you can not set less than","tickets are already booked, you can not set less than","les billets sont déjà réservés, vous ne pouvez pas en définir moins de","i biglietti sono già prenotati, non puoi impostare meno di","Tickets sind bereits gebucht, können Sie nicht weniger als","tickets zijn al geboekt, u kunt niet minder dan","Las entradas ya están reservadas, no se pueden fijar menos de","tocynnau wedi'u harchebu eisoes, ni allwch osod llai na",,门票已经预订，您不能设置少于,
setup_fees,Setup fees,Setup fees,Frais d'installation,Costi di installazione,Einrichtungsgebühren,Installatiekosten,Tarifas de instalación,Ffioedd sefydlu,,安装费,
tax_details,Tax Details,Tax Details,Détails fiscaux,Dettagli fiscali,Steuerdetails,Belastinggegevens,Detalles de impuestos,Manylion Treth,,税务详情,
enter_tax_type,Enter Tax Type,Enter Tax Type,Entrez le type de taxe,Inserisci il tipo di imposta,Steuerart eingeben,Voer belastingtype in,Ingrese el tipo de impuesto,Rhowch Math Treth,,输入税种,
base_price,Base Price,Base Price,Prix ​​de base,Prezzo base,Grundpreis,Basisprijs,Precio base,Pris Sylfaenol,,基价,
final_price,Final Price,Final Price,Prix ​​final,Prezzo finale,Endpreis,Eindprijs,Precio final,Pris Terfynol,,最终价格,
enter_a_plan_name,Enter a plan name,Enter a plan name,Entrez un nom de plan,Inserisci un nome per il piano,Geben Sie einen Plannamen ein,Voer een plannaam in,Introduzca un nombre de plan,Rhowch enw cynllun,,输入计划名称,
limited_to_locations,Limited to locations,Limited to locations,Limité à certains emplacements,Limitato alle località,Beschränkt auf Standorte,Beperkt tot locaties,Limitado a ubicaciones,Cyfyngedig i leoliadau,,受限于地点,
enter_a_description_for_staff_members,Enter a description for staff members,Enter a description for staff members,Saisissez une description pour les membres du personnel,Inserisci una descrizione per i membri dello staff,Geben Sie eine Beschreibung für Mitarbeiter ein,Voer een beschrijving in voor personeelsleden,Introduzca una descripción para los miembros del personal,Rhowch ddisgrifiad ar gyfer aelodau staff,,输入员工描述,
header_image,Header Image,Header Image,Image d'en-tête,Immagine di intestazione,Kopfzeilenbild,Koptekstafbeelding,Imagen de encabezado,Delwedd Pennawd,,标题图片,
add_membership_header_image_drop_file_here,Add membership header image Drop file here,Add membership header image Drop file here,Ajouter une image d'en-tête d'adhésion Déposez le fichier ici,Aggiungi l'immagine dell'intestazione dell'iscrizione Trascina il file qui,Bild für die Kopfzeile der Mitgliedschaft hinzufügen Datei hier ablegen,Voeg een afbeelding voor de lidmaatschapsheader toe. Sleep het bestand hierheen.,Agregar imagen de encabezado de membresía Soltar archivo aquí,Ychwanegu delwedd pennawd aelodaeth Gollyngwch y ffeil yma,,添加会员标题图片将文件拖放到此处,
visible_to_user_groups,Visible to user groups,Visible to user groups,Visible pour les groupes d'utilisateurs,Visibile ai gruppi di utenti,Für Benutzergruppen sichtbar,Zichtbaar voor gebruikersgroepen,Visible para grupos de usuarios,Yn weladwy i grwpiau defnyddwyr,,对用户组可见,
search_user_group,Search User group,Search User group,Rechercher un groupe d'utilisateurs,Cerca gruppo di utenti,Benutzergruppe suchen,Zoek Gebruikersgroep,Buscar grupo de usuarios,Chwilio Gr≈µp Defnyddwyr,,搜索用户组,
create_by,Create By,Create By,Créé par,Crea da,Erstellen von,Gemaakt door,Crear por,Creu Erbyn,,创建者,
visible_to_user_group,Visible to user group,Visible to user group,Visible pour le groupe d'utilisateurs,Visibile al gruppo di utenti,Sichtbar für Benutzergruppe,Zichtbaar voor gebruikersgroep,Visible para el grupo de usuarios,Yn weladwy i'r gr≈µp defnyddwyr,,对用户组可见,
remove,Remove,Remove,Retirer,Rimuovere,Entfernen,Verwijderen,Eliminar,Dileu,,消除,
are_you_sure_you_want_to_remove_this_category?,Are you sure you want to remove this Category?,Are you sure you want to remove this Category?,Etes-vous sûr de vouloir supprimer cette catégorie ?,Sei sicuro di voler rimuovere questa categoria?,Möchten Sie diese Kategorie wirklich entfernen?,Weet u zeker dat u deze categorie wilt verwijderen?,¿Estás seguro que deseas eliminar esta categoría?,Ydych chi'n si≈µr eich bod am ddileu'r Categori hwn?,,您确定要删除该类别吗？,
search_category_by_name,Search category by name,Search category by name,Rechercher une catégorie par nom,Cerca categoria per nome,Kategorie nach Namen suchen,Zoek categorie op naam,Buscar categoría por nombre,Chwilio categori yn √¥l enw,,按名称搜索类别,
edit_category,Edit Category,Edit Category,Modifier la catégorie,Modifica categoria,Kategorie bearbeiten,Categorie bewerken,Editar categoría,Golygu Categori,,编辑分类,
banner_image,Banner image,Banner image,Image de la bannière,Immagine banner,Bannerbild,Bannerafbeelding,Imagen de banner,Delwedd faner,,横幅图像,
1024w_x_1024h_jpg_or_png,"1024w x 1024h, JPG or PNG","1024w x 1024h, JPG or PNG","1024 l x 1024 h, JPG ou PNG","1024 l x 1024 a, JPG o PNG","1024 x 1024 Zoll, JPG oder PNG","1024b x 1024h, JPG of PNG","1024 ancho x 1024 alto, JPG o PNG","1024w x 1024h, JPG neu PNG",,1024w x 1024h，JPG 或 PNG,
add_header_image,Add header image,Add header image,Ajouter une image d'en-tête,Aggiungi immagine di intestazione,Kopfzeilenbild hinzufügen,Headerafbeelding toevoegen,Agregar imagen de encabezado,Ychwanegu delwedd pennawd,,添加标题图片,
create,Create,Create,Créer,Creare,Erstellen,Creëren,Crear,Creu,,创造,
,,,#VALUE!,#VALUE!,#VALUE!,#VALUE!,#VALUE!,#VALUE!,,,
mobile,Mobile,Mobile,Mobile,Mobile,Mobile,Mobiel,Móvil,Symudol,,移动的,
back_button,Back Button,Back Button,Bouton Retour,Pulsante Indietro,Zurück-Schaltfläche,Terugknop,Botón Atrás,Botwm Cefn,,返回按钮,
contact_seller,Contact Seller,Contact Seller,Contacter le vendeur,Contatta il venditore,Verkäufer kontaktieren,Neem contact op met verkoper,Contactar al vendedor,Cysylltwch √¢'r Gwerthwr,,联系卖家,
claimed_discounts,Claimed Discounts,Claimed Discounts,Remises réclamées,Sconti richiesti,Beanspruchte Rabatte,Geclaimde kortingen,Descuentos reclamados,Gostyngiadau a Hawlir,,已领取折扣,
documents,Documents,Documents,Documents,Documenti,Unterlagen,Documenten,Documentos,Dogfennau,,文件,
document_not_found,Document Not Found,Document Not Found,Document non trouvé,Documento non trovato,Dokument nicht gefunden,Document niet gevonden,Documento no encontrado,Dogfen Heb ei Darganfod,,未找到文档,
created_on,Created on,Created on,Créé le,Creato il,Erstellt am,Gemaakt op,Creado el,Wedi'i greu ar,,创建日期,
paid,paid,paid,payé,pagato,bezahlt,betaald,pagado,taledig,,有薪酬的,
overview,Overview,Overview,Aperçu,Panoramica,Überblick,Overzicht,Descripción general,Trosolwg,,概述,
pay_now,Pay Now,Pay Now,Payer maintenant,Paga ora,Jetzt bezahlen,Nu betalen,Pagar ahora,Talu Nawr,,立即付款,
invoice_id,Invoice ID,Invoice ID,ID de facture,ID fattura,Rechnungs-ID,Factuur-ID,ID de factura,ID Anfoneb,,发票 ID,
add_people_to_conversation,Add People to Conversation,Add People to Conversation,Ajouter des personnes à la conversation,Aggiungi persone alla conversazione,Personen zur Konversation hinzufügen,Mensen toevoegen aan gesprek,Agregar personas a la conversación,Ychwanegu Pobl i Sgwrs,,添加人员到对话,
search_peoples_by_name_or_email,Search Peoples by name or email,Search Peoples by name or email,Rechercher des personnes par nom ou par e-mail,Cerca persone per nome o email,Suchen Sie nach Personen nach Namen oder E-Mail,Zoek mensen op naam of e-mail,Buscar personas por nombre o correo electrónico,Chwilio Pobl yn √¥l enw neu e-bost,,按姓名或电子邮件搜索人员,
add_people_to_group_chat,Add people to group chat,Add people to group chat,Ajouter des personnes au chat de groupe,Aggiungi persone alla chat di gruppo,Personen zum Gruppenchat hinzufügen,Mensen toevoegen aan groepsgesprek,Agregar personas al chat grupal,Ychwanegu pobl at sgwrs gr≈µp,,将人员添加到群聊,
create_group_chat,Create Group Chat,Create Group Chat,Créer une discussion de groupe,Crea una chat di gruppo,Gruppenchat erstellen,Groepschat aanmaken,Crear un chat grupal,Creu Sgwrs Gr≈µp,,创建群聊,
create_direct_message_conversation,Create Direct Message Conversation,Create Direct Message Conversation,Créer une conversation par message direct,Crea una conversazione tramite messaggio diretto,Direktnachrichtenkonversation erstellen,Maak een direct berichtgesprek,Crear una conversación de mensaje directo,Creu Sgwrs Neges Uniongyrchol,,创建直接消息对话,
update_group_chat,Update Group Chat,Update Group Chat,Mettre à jour le chat de groupe,Aggiorna la chat di gruppo,Gruppenchat aktualisieren,Groepschat bijwerken,Actualizar el chat grupal,Diweddaru Sgwrs Gr≈µp,,更新群聊,
update_direct_message_conversation,Update Direct Message Conversation,Update Direct Message Conversation,Mettre à jour la conversation par message direct,Aggiorna la conversazione tramite messaggio diretto,Direktnachrichtenkonversation aktualisieren,Direct berichtgesprek bijwerken,Actualizar conversación de mensaje directo,Diweddaru Sgwrs Neges Uniongyrchol,,更新直接消息对话,
link_to_interests,Link to interests,Link to interests,Lien vers les intérêts,Collegamento agli interessi,Link zu Interessen,Link naar interesses,Enlace a intereses,Dolen i ddiddordebau,,链接至兴趣,
chat_group_name,Chat Group Name,Chat Group Name,Nom du groupe de discussion,Nome del gruppo di chat,Name der Chatgruppe,Chatgroepnaam,Nombre del grupo de chat,Enw'r Gr≈µp Sgwrsio,,聊天组名称,
conversation_name,Conversation Name,Conversation Name,Nom de la conversation,Nome della conversazione,Konversationsname,Gespreksnaam,Nombre de la conversación,Enw Sgwrs,,对话名称,
please_select_group_name,Please select group name,Please select group name,Veuillez sélectionner le nom du groupe,Seleziona il nome del gruppo,Bitte wählen Sie den Gruppennamen,Selecteer de groepsnaam,Por favor seleccione el nombre del grupo,Dewiswch enw'r gr≈µp,,请选择群组名称,
please_select_user,Please select user,Please select user,Veuillez sélectionner l'utilisateur,Seleziona l'utente,Bitte wählen Sie einen Benutzer,Selecteer gebruiker,Por favor seleccione usuario,Dewiswch ddefnyddiwr,,请选择用户,
welcome,Welcome,Welcome,Accueillir,Benvenuto,Willkommen,Welkom,Bienvenido,Croeso,,欢迎,
choose_or_create_a_chat_or_direct_message_to_get_started,Choose or create a chat or Direct Message to get started,Choose or create a chat or Direct Message to get started,Choisissez ou créez une discussion ou un message direct pour commencer,Scegli o crea una chat o un messaggio diretto per iniziare,"Wählen oder erstellen Sie einen Chat oder eine Direktnachricht, um loszulegen",Kies of maak een chat of Direct Bericht om te beginnen,Elige o crea un chat o mensaje directo para comenzar.,Dewiswch neu cr√´wch sgwrs neu Neges Uniongyrchol i ddechrau,,选择或创建聊天或直接消息即可开始,
detail,detail,detail,détail,dettaglio,Detail,detail,detalle,manylder,,细节,
directreplies_disabled,direct replies disabled,directReplies disabled,Réponses directes désactivées,Risposte dirette disabilitate,Direktantworten deaktiviert,directReplies uitgeschakeld,Respuestas directas deshabilitadas,DirectReplies wedi'i analluogi,,已禁用直接回复,
menu,Menu,Menu,Menu,Menu,Speisekarte,Menu,Menú,Bwydlen,,菜单,
thread,Thread,Thread,Fil,Filo,Faden,Draad,Hilo,Edau,,线,
direct_messages,Direct Messages web ,Direct Messages web,Messages directs,Messaggi diretti,Direktnachrichten,Directe berichten,Mensajes directos,Negeseuon Uniongyrchol,,直接消息,
chat,Chat,Chat,Chat,Chiacchierata,Chat,Chat,Charlar,Sgwrsio,,聊天,
search_giphy,Search GIPHY,Search GIPHY,Rechercher GIPHY,Cerca GIPHY,Suche GIPHY,Zoeken GIPHY,Buscar GIPHY,Chwiliwch GIPHY,,搜索 GIPHY,
giphy_error,Giphy error,Giphy error,Erreur Giphy,Errore Giphy,Giphy-Fehler,Giphy-fout,Error de Giphy,Gwall Giphy,,Giphy 错误,
gif_is_still_loading_please_wait,"GIF is still loading, please wait...","GIF is still loading, please wait...","Le GIF est toujours en cours de chargement, veuillez patienter...","Il caricamento della GIF è ancora in corso, attendere...","GIF wird noch geladen, bitte warten …","GIF wordt nog geladen, even geduld a.u.b.","El GIF todavía se está cargando, por favor espere...","Mae GIF yn dal i lwytho, arhoswch...",,GIF 仍在加载，请等待...,
search_gif,Search Gif,Search Gif,Rechercher un GIF,Cerca Gif,Gif suchen,Zoek Gif,Buscar GIF,Chwilio Gif,,搜索 Gif,
edit_post,Edit Post,Edit Post,Modifier la publication,Modifica post,Beitrag bearbeiten,Bericht bewerken,Editar publicación,Golygu Post,,编辑帖子,
people,People,People,Personnes,Persone,Menschen,Mensen,Gente,Pobl,,人们,
see_all,See all,See all,Tout voir,Vedi tutto,Alles sehen,Bekijk alles,Ver todo,Gweld y cyfan,,查看全部,
poll,Poll,Poll,Sondage,Sondaggio,Umfrage,Enquête,Encuesta,P√¥l,,轮询,
chat_groups,Chat Groups,Chat Groups,Groupes de discussion,Gruppi di chat,Chatgruppen,Chatgroepen,Grupos de chat,Grwpiau Sgwrsio,,聊天群组,
community,community,community,communauté,comunità,Gemeinschaft,gemeenschap,comunidad,cymuned,,社区,
people,People,People,Personnes,Persone,Menschen,Mensen,Gente,Pobl,,人们,
you_have_been_selected_to_participate_in_poll,You have been selected to participate in poll,You have been selected to participate in poll,Vous avez été sélectionné pour participer au sondage,Sei stato selezionato per partecipare al sondaggio,Sie wurden zur Teilnahme an der Umfrage ausgewählt,U bent geselecteerd om deel te nemen aan de poll,Usted ha sido seleccionado para participar en la encuesta.,Rydych chi wedi cael eich dewis i gymryd rhan yn y bleidlais,,您已被选中参与投票,
offline,offline,offline,hors ligne,non in linea,offline,offline,desconectado,all-lein,,离线,
online,Online,Online,En ligne,In linea,Online,Online,En línea,Ar-lein,,在线的,
service_request,Service Request,Service Request,Demande de service,Richiesta di servizio,Serviceanfrage,Serviceaanvraag,Solicitud de servicio,Cais Gwasanaeth,,服务请求,
call_us,Call Us,Call Us,Appelez-nous,Chiamaci,Rufen Sie uns an,Bel ons,Llámanos,Ffoniwch Ni,,致电我们,
contact,Contact,Contact,Contact,Contatto,Kontakt,Contact,Contacto,Cysylltwch,,接触,
directly_get_in_touch_with_site_staff_report_issues_and_call_them_only_available_on-site,"Directly get in touch with site staff, report issues and call them. Only available on-site.","Directly get in touch with site staff, report issues and call them. Only available on-site.","Contactez directement l'équipe du site, signalez les problèmes et appelez-les. Disponible uniquement sur place.","Contatta direttamente il personale del sito, segnala eventuali problemi e contattalo telefonicamente. Disponibile solo in loco.","Direkter Kontakt zum Standortpersonal, Problemmeldung und Anruf möglich. Nur vor Ort möglich.","Neem direct contact op met de medewerkers op locatie, meld problemen en bel ze. Alleen beschikbaar op locatie.","Contacte directamente con el personal del sitio, informe cualquier problema y llámelos. Solo disponible en el sitio.","Cysylltwch yn uniongyrchol √¢ staff y safle, rhowch wybod am faterion a ffoniwch nhw. Dim ond ar gael ar y safle.",,直接联系现场工作人员，报告问题并致电。仅限现场服务。,
learn_more,Learn More,Learn More,Apprendre encore plus,Saperne di più,Mehr erfahren,Meer informatie,Más información,Dysgwch Mwy,,了解更多,
helpdesk_not_found!,Helpdesk not found!,Helpdesk not found!,Helpdesk non trouvé !,Helpdesk non trovato!,Helpdesk nicht gefunden!,Helpdesk niet gevonden!,¡No se encontró el Helpdesk!,Desg gymorth heb ei chanfod!,,未找到帮助台！,
tickets_not_found!,Tickets not found!,Tickets not found!,Billets non trouvés !,Biglietti non trovati!,Tickets nicht gefunden!,Tickets niet gevonden!,¡No se encontraron entradas!,Tocynnau heb eu darganfod!,,未找到票！,
checking_in,Checking in...,Checking in...,Enregistrement...,Registrazione in corso...,Einchecken...,Inchecken...,Registrandose...,Wrthi'n gwirio mewn...,,正在办理登机手续...,
you_are_being_checked-into_the_building_please_wait,You are being checked-into the building. Please wait...,You are being checked-into the building. Please wait...,Votre arrivée est en cours. Veuillez patienter.,Stiamo effettuando il check-in nell'edificio. Attendi...,Sie werden im Gebäude eingecheckt. Bitte warten...,U wordt ingecheckt in het gebouw. ​​Even geduld a.u.b.,"Se le está registrando en el edificio. Por favor, espere...",Rydych chi'n cael eich gwirio i mewn i'r adeilad. Arhoswch os gwelwch yn dda...,,您正在办理入住手续。请稍候……,
connecting_you_to_#spacename,Connecting you to #spaceName...,Connecting you to #spaceName...,Je vous connecte à #spaceName...,Ti sto collegando a #spaceName...,Verbinde Sie mit #spaceName …,U wordt verbonden met #spaceName...,Conectándote a #spaceName...,Yn eich cysylltu √¢ #spaceName...,,将您连接到#spaceName...,
searching_for_helpdesks_at_#spacename,Searching for helpdesks at #spaceName.,Searching for helpdesks at #spaceName.,Recherche de services d'assistance sur #spaceName.,Ricerca helpdesk su #spaceName.,Suche nach Helpdesks unter #spaceName.,Helpdesks gezocht op #spaceName.,Buscando mesas de ayuda en #spaceName.,Chwilio am ddesgiau cymorth yn #spaceName.,,正在#spaceName 搜索帮助台。,
concierge,Concierge,Concierge,Concierge,Concierge,Portier,Conciërge,Conserje,Concierge,,门房,
search_again,SEARCH AGAIN,SEARCH AGAIN,CHERCHER À NOUVEAU,CERCA DI NUOVO,ERNEUT SUCHEN,OPNIEUW ZOEKEN,BUSCAR DE NUEVO,CHWILIO ETO,,再次搜索,
there_are_no_helpdesks_available_at_#spacename_right_nowplease_try_again_later,There are no helpdesks available at #spaceName right now.Please try again later.,There are no helpdesks available at #spaceName right now.Please try again later.,Il n'y a actuellement aucun service d'assistance disponible sur #spaceName. Veuillez réessayer plus tard.,Al momento non sono disponibili helpdesk presso #spaceName. Riprova più tardi.,Derzeit sind bei #spaceName keine Helpdesks verfügbar. Bitte versuchen Sie es später erneut.,Er zijn momenteel geen helpdesks beschikbaar bij #spaceName. Probeer het later opnieuw.,No hay mesas de ayuda disponibles en #spaceName en este momento. Inténtalo de nuevo más tarde.,Nid oes unrhyw ddesgiau cymorth ar gael yn #spaceName ar hyn o bryd. Ceisiwch eto yn nes ymlaen.,,#spaceName 目前没有可用的帮助台。请稍后再试。,
try_again,TRY AGAIN,TRY AGAIN,ESSAYER À NOUVEAU,RIPROVA,VERSUCHEN SIE ES ERNEUT,PROBEER HET OPNIEUW,INTENTAR OTRA VEZ,CEISIWCH ETO,,再试一次,
helpdesks_are_only_available_when_on-site,Helpdesks are only available when on-site.,Helpdesks are only available when on-site.,Les services d'assistance ne sont disponibles que sur place.,Gli helpdesk sono disponibili solo in loco.,Helpdesks sind nur vor Ort verfügbar.,Helpdesks zijn alleen beschikbaar als u ter plaatse bent.,Los servicios de asistencia técnica solo están disponibles cuando se está en el sitio.,Dim ond pan fyddant ar y safle y mae desgiau cymorth ar gael.,,帮助台仅在现场提供服务。,
please_try_again_when_you_are_in_the_building,Please try again when you are in the building.,Please try again when you are in the building.,Veuillez réessayer lorsque vous serez dans le bâtiment.,Riprova quando sarai nell'edificio.,"Bitte versuchen Sie es erneut, wenn Sie im Gebäude sind.",Probeer het opnieuw als u zich in het gebouw bevindt.,Inténtalo de nuevo cuando estés en el edificio.,Ceisiwch eto pan fyddwch yn yr adeilad.,,请您在进入大楼后再试。,
onsite_helpdesks,Onsite Helpdesks,Onsite Helpdesks,Services d'assistance sur site,Helpdesk in loco,Vor-Ort-Helpdesks,Helpdesks op locatie,Servicios de asistencia in situ,Desgiau Cymorth ar y Safle,,现场帮助台,
offsite_helpdesks,Offsite Helpdesks,Offsite Helpdesks,Services d'assistance hors site,Helpdesk fuori sede,Externe Helpdesks,Helpdesks buiten de deur,Mesas de ayuda externas,Desgiau Cymorth Oddi ar y Safle,,场外帮助台,
report,Report,Report,Rapport,Rapporto,Bericht,Rapport,Informe,Adroddiad,,报告,
search_chats,Search chats,Search chats,Rechercher des chats,Cerca chat,Chats durchsuchen,Zoek chats,Buscar chats,Chwilio sgyrsiau,,搜索聊天,
search_communities,Search communities,Search communities,Rechercher des communautés,Cerca comunità,Communitys suchen,Zoekgemeenschappen,Buscar comunidades,Chwilio cymunedau...,,搜索社区,
search_companies,Search companies,Search companies,Rechercher des entreprises,Cerca aziende,Unternehmen suchen,Zoek bedrijven,Buscar empresas,Chwilio cwmn√Øau...,,搜索公司,
search_people,Search people,Search people,Rechercher des personnes,Cerca persone,Personen suchen,Zoek mensen,Buscar personas,Chwilio pobl...,,搜索人员,
communities,Communities,Communities,Communautés,Comunità,Gemeinschaften,Gemeenschappen,Comunidades,Cymunedau,,社区,
chats,Chats,Chats,Chats,Chat,Chats,Chatten,Chats,Sgyrsiau,,聊天,
companies,Companies,Companies,Entreprises,Aziende,Unternehmen,Bedrijven,Empresas,Cwmn√Øau,,公司,
select_a_location,Select a Location,Select a Location,Sélectionnez un emplacement,Seleziona una posizione,Wähle einen Standort,Selecteer een locatie,Seleccione una ubicación,Dewiswch Lleoliad,,选择一个位置,
register,Register,Register,Registre,Registro,Registrieren,Register,Registro,Cofrestrwch,,登记,
participants,Participants,Participants,Participants,Partecipanti,Teilnehmer,Deelnemers,Participantes,Cyfranogwyr,,参与者,
join_chat,Join Chat,Join Chat,Rejoindre le chat,Unisciti alla chat,Chat beitreten,Doe mee aan de chat,Unirse al chat,Ymunwch √¢ Sgwrs,,加入聊天,
event_information,Event Information,Event Information,Informations sur l'événement,Informazioni sull'evento,Veranstaltungsinformationen,Evenementinformatie,Información del evento,Gwybodaeth am Ddigwyddiad,,活动信息,
tickets_available,Tickets Available,Tickets Available,Billets disponibles,Biglietti disponibili,Tickets erhältlich,Tickets beschikbaar,Entradas disponibles,Tocynnau ar Gael,,有票,
image_button,image button,image button,bouton image,pulsante immagine,Bildschaltfläche,afbeeldingknop,botón de imagen,botwm delwedd,,图像按钮,
events_in,Events in,Events in,Événements à,Eventi in,Veranstaltungen in,Evenementen in,Eventos en,Digwyddiadau yn,,活动,
event_not_found!,Event not found!,Event not found!,Événement non trouvé !,Evento non trovato!,Veranstaltung nicht gefunden!,Evenement niet gevonden!,¡Evento no encontrado!,Digwyddiad heb ei ganfod!,,未找到事件！,
room_information,Room Information,Room Information,Informations sur la chambre,Informazioni sulla camera,Zimmerinformation,Kamerinformatie,Información de la habitación,Gwybodaeth Ystafell,,客房信息,
book_room,Book Room,Book Room,Salle de lecture,Stanza dei libri,Zimmer buchen,Boekkamer,Sala de libros,Ystafell Lyfrau,,预订房间,
rooms_in,Bookable Spaces,Bookable Spaces,Espaces réservables,Spazi prenotabili,Buchbare Räume,Reserveerbare ruimtes,Espacios reservables,Ystafelloedd i mewn,,可预订空间,
retry,Retry,Retry,Réessayer,Riprova,Wiederholen,Opnieuw proberen,Rever,Ceisiwch eto,,重试,
check_again,Check again,Check again,Revérifier,Ricontrollare,Erneut prüfen,Controleer opnieuw,Vuelve a comprobarlo,Gwiriwch eto,,再次检查,
no_results_matching_your_filters,No results matching your filters,No results matching your filters,Aucun résultat correspondant à vos filtres,Nessun risultato corrispondente ai tuoi filtri,"Keine Ergebnisse, die Ihren Filtern entsprechen",Er zijn geen resultaten die aan uw filters voldoen,No hay resultados que coincidan con tus filtros,Dim canlyniadau yn cyfateb i'ch hidlwyr,,没有符合您筛选条件的结果,
clear_filters,Clear Filters,Clear Filters,Effacer les filtres,Cancella filtri,Filter löschen,Filters wissen,Borrar filtros,Hidlau clir,,清除筛选器,
seats,Seats,Seats,Sièges,Posti a sedere,Sitzplätze,Stoelen,Asientos,Seddi,,座位,
featured_events,Featured Events,Featured Events,Événements en vedette,Eventi in primo piano,Besondere Veranstaltungen,Aanbevolen evenementen,Eventos destacados,Digwyddiadau dan Sylw,,特色活动,
event_categories,Event Categories,Event Categories,Catégories d'événements,Categorie di eventi,Veranstaltungskategorien,Evenementcategorieën,Categorías de eventos,Categor√Øau Digwyddiad,,活动类别,
event_description,Event description,Event description,Description de l'événement,Descrizione dell'evento,Veranstaltungsbeschreibung,Beschrijving van het evenement,Descripción del evento,Disgrifiad o'r digwyddiad,,事件描述,
event_location,Event location,Event location,Lieu de l'événement,Luogo dell'evento,Veranstaltungsort,Locatie van het evenement,Ubicación del evento,Lleoliad y digwyddiad,,活动地点,
event_added_successfully,Event added successfully,Event added successfully,Événement ajouté avec succès,Evento aggiunto con successo,Veranstaltung erfolgreich hinzugefügt,Evenement succesvol toegevoegd,Evento añadido exitosamente,Digwyddiad wedi'i ychwanegu'n llwyddiannus,,活动添加成功,
select_time_slots_to_book,Select time slots to book,Select time slots to book,Sélectionnez les créneaux horaires à réserver,Seleziona gli orari da prenotare,Wählen Sie Zeitfenster zum Buchen aus,Selecteer tijdsloten om te boeken,Seleccione franjas horarias para reservar,Dewiswch slotiau amser i archebu,,选择要预订的时间段,
jun,Jun,Jun,Juin,giugno,Juni,juni,Jun,Meh,,六月,
page_not_found,Page not found,Page not found,Page non trouvée,Pagina non trovata,Seite nicht gefunden,Pagina niet gevonden,Página no encontrada,Tudalen heb ei chanfod,,找不到页面,
tell_friends,Tell Friends,Tell Friends,Dites-le à vos amis,Dillo agli amici,Freunden erzählen,Vertel het aan vrienden,Cuéntaselo a tus amigos,Dywedwch wrth Gyfeillion,,告诉朋友,
park_cinema,Park Cinema,Park Cinema,Cinéma du parc,Cinema Park,Parkkino,Parkbioscoop,Cine Park,Sinema'r Parc,,公园电影院,
titanic_showing,Titanic Showing,Titanic Showing,Titanic en démonstration,Titanic in scena,Titanic-Vorführung,Titanic-vertoning,Titanic en exhibición,Yn dangos Titanic,,泰坦尼克号演出,
others,Others,Others,Autres,Altri,Sonstige,Anderen,Otros,Eraill,,其他的,
read_more,...read more,...read more,...En savoir plus,...Per saperne di più,...mehr lesen,...lees verder,...leer más,...darllen mwy,,...阅读更多,
read_less,...read less,...read less,...lire moins,...leggi di meno,...weniger lesen,...lees minder,...leer menos,Darllen Llai,,...阅读更少,
booking_confirmed,Booking Confirmed,Booking Confirmed,Réservation confirmée,Prenotazione confermata,Buchung bestätigt,Boeking bevestigd,Reserva confirmada,Archebu wedi'i Gadarnhau,,预订已确认,
confirm_booking,Confirm Booking,Confirm Booking,Confirmer la réservation,Conferma prenotazione,Buchung bestätigen,Bevestig boeking,Confirmar reserva,Cadarnhau Archebu,,确认预订,
view_booking,View Booking,View Booking,Voir la réservation,Visualizza prenotazione,Buchung ansehen,Bekijk boeking,Ver reserva,Gweld Archebu,,查看预订,
#_get_lunch,# Get Lunch,# Get Lunch,# Déjeuner,# Prendi il pranzo,# Mittagessen,# Lunch halen,# Conseguir el almuerzo,# Cael Cinio,,吃午餐,
hangout_today,Hangout Today,Hangout Today,Hangout aujourd'hui,Hangout oggi,Hangout heute,Hangout Vandaag,Hangout de hoy,Hangout Heddiw,,今日聚会,
hangouts_at_becket_house‚Ä¶,Hangouts at Becket House‚Ä¶,Hangouts at Becket House‚Ä¶,Hangouts à Becket House‚Ä¶,Luoghi di ritrovo a Becket House,Treffpunkte im Becket House…,Hangouts bij Becket House‚Ä¶,Lugares de reunión en Becket House...,Hangouts yn Becket House‚Ä¶,,在贝克特故居聚会……,
hangouts_at_#spacename,Hangouts at #spaceName,Hangouts at #spaceName,Hangouts à #spaceName,Hangouts a #spaceName,Hangouts unter #spaceName,Hangouts bij #spaceName,Hangouts en #spaceName,Hangouts yn #spaceName,,在 #spaceName 上环聊,
joining_#hangname,Joining #HangName,Joining #HangName,Rejoindre #HangName,Partecipazione a #HangName,#HangName beitreten,Deelnemen aan #HangName,Uniéndose a #HangName,Yn ymuno √¢ #HangName,,加入#HangName,
hangouts_let_you_connect_with_people_on-site_who_want_to_meet_likeminded_people,Hangouts let you connect with people on-site who want to meet like minded people,Hangouts let you connect with people on-site who want to meet likeminded people,Les Hangouts vous permettent de vous connecter avec des personnes sur place qui souhaitent rencontrer des personnes partageant les mêmes idées,Hangouts ti consente di entrare in contatto con persone sul posto che desiderano incontrare persone con idee simili alle tue,"Mit Hangouts können Sie sich mit Leuten vor Ort vernetzen, die Gleichgesinnte treffen möchten",Met Hangouts kun je op locatie in contact komen met mensen die gelijkgestemden willen ontmoeten,Los Hangouts te permiten conectarte con personas en el sitio que desean conocer gente con ideas afines.,Mae Hangouts yn gadael i chi gysylltu √¢ phobl ar y safle sydd am gwrdd √¢ phobl o'r un anian,,Hangouts 让你能够与想要结识志同道合的人在现场交流,
this_is_a_daily_hangout_you_will_be_connected_with_everyone_else_who_joined_all_activity_in_this_hangout_will_be_wiped_at_the_end_of_the_day,This is a daily hangout. You will be connected with everyone else who joined. All activity in this hangout will be wiped at the end of the day.,This is a daily hangout. You will be connected with everyone else who joined. All activity in this hangout will be wiped at the end of the day.,Il s'agit d'un hangout quotidien. Vous serez connecté à tous les autres participants. Toute activité de ce hangout sera effacée à la fin de la journée.,Questo è un Hangout giornaliero. Sarai in contatto con tutti gli altri partecipanti. Tutte le attività in questo Hangout verranno eliminate alla fine della giornata.,Dies ist ein täglicher Hangout. Sie werden mit allen anderen Teilnehmern verbunden. Alle Aktivitäten in diesem Hangout werden am Ende des Tages gelöscht.,Dit is een dagelijkse hangout. Je wordt verbonden met alle andere deelnemers. Alle activiteit in deze hangout wordt aan het einde van de dag verwijderd.,Este hangout es diario. Te conectarás con todos los que se unieron. Toda la actividad se eliminará al final del día.,Mae hwn yn hangout dyddiol. Byddwch yn gysylltiedig √¢ phawb arall a ymunodd. Bydd pob gweithgaredd yn y hangout hwn yn cael ei ddileu ar ddiwedd y dydd.,,这是一个每日视频群聊。您将与其他所有加入者保持联系。此视频群聊中的所有活动将在一天结束时被清除。,
this_is_a_hangout_you_will_be_connected_with_everyone_else_who_joined_you_can_only_connect_with_people_when_you_are_on-site_when_you_go_offsite_you_will_be_disconnected_from_the_hangout,"This is a hangout. You will be connected with everyone else who joined. You can only connect with people when you are on-site. When you go offsite, you will be disconnected from the hangout.","This is a hangout. You will be connected with everyone else who joined. You can only connect with people when you are on-site. When you go offsite, you will be disconnected from the hangout.","Ceci est un hangout. Vous serez connecté avec tous les autres participants. Vous ne pouvez communiquer avec les autres participants que lorsque vous êtes sur place. Lorsque vous quittez le hangout, vous serez déconnecté.","Questo è un Hangout. Sarai in contatto con tutti gli altri partecipanti. Puoi connetterti con le persone solo quando sei sul posto. Quando esci dal sito, verrai disconnesso dall'Hangout.","Dies ist ein Hangout. Sie werden mit allen anderen Teilnehmern verbunden. Sie können sich nur mit anderen Personen verbinden, wenn Sie vor Ort sind. Wenn Sie den Hangout verlassen, wird Ihre Verbindung zum Hangout getrennt.","Dit is een hangout. Je wordt verbonden met iedereen die eraan deelneemt. Je kunt alleen verbinding maken met mensen wanneer je op locatie bent. Wanneer je buiten de locatie gaat, wordt je verbinding met de hangout verbroken.","Este es un hangout. Te conectarás con todos los demás participantes. Solo puedes conectar con otros participantes cuando estés presente. Al salir, te desconectarás del hangout.","Mae hwn yn hangout. Byddwch yn gysylltiedig √¢ phawb arall a ymunodd. Dim ond pan fyddwch chi ar y safle y gallwch chi gysylltu √¢ phobl. Pan fyddwch chi'n mynd oddi ar y safle, byddwch chi'n cael eich datgysylltu o'r hangout.",,这是一个环聊。您将与其他所有加入的人保持连接。您只能在现场时与其他人联系。当您离开现场时，您将断开与环聊的连接。,
you_are_hanging_out_at_#spacename,You are hanging out at #spaceName.,You are hanging out at #spaceName.,Vous traînez à #spaceName.,Ti trovi a #spaceName.,Sie hängen bei #spaceName herum.,Je hangt rond bij #spaceName.,Estás pasando el rato en #spaceName.,Rydych chi'n hongian allan yn #spaceName.,,您正在#spaceName 闲逛。,
hangouts_will_stop_when_you_leave_#spacename,Hangouts will stop when you leave #spaceName.,Hangouts will stop when you leave #spaceName.,Les Hangouts s'arrêteront lorsque vous quitterez #spaceName.,Hangouts si interromperà quando lascerai #spaceName.,"Hangouts werden beendet, wenn Sie #spaceName verlassen.",Hangouts worden gestopt wanneer u #spaceName verlaat.,Los hangouts se detendrán cuando abandones #spaceName.,Bydd Hangouts yn dod i ben pan fyddwch yn gadael #spaceName.,,当你离开#spaceName 时，环聊将停止。,
leave,Leave,Leave,Partir,Partire,Verlassen,Vertrekken,Dejar,Gadael,,离开,
leaving,Leaving,Leaving,Sortie,In partenza,Verlassen,Verlaten,Partida,Gadael,,离开,
there_are_no_hangouts_available_at_#spacename_right_now,There are no hangouts available at #spaceName right now.,There are no hangouts available at #spaceName right now.,Il n'y a pas de hangouts disponibles sur #spaceName pour le moment.,Al momento non ci sono Hangout disponibili su #spaceName.,Derzeit sind bei #spaceName keine Hangouts verfügbar.,Er zijn momenteel geen hangouts beschikbaar bij #spaceName.,No hay hangouts disponibles en #spaceName en este momento.,Does dim hangouts ar gael yn #spaceName ar hyn o bryd.,,#spaceName 目前没有可用的聚会场所。,
please_try_again_later,Please try again later.,Please try again later.,Veuillez réessayer plus tard.,Riprova più tardi.,Bitte versuchen Sie es später erneut.,Probeer het later opnieuw.,"Por favor, inténtelo de nuevo más tarde.",Ceisiwch eto yn nes ymlaen.,,请稍后重试。,
hangouts_are_only_available_when_on-site,Hangouts are only available when on-site.,Hangouts are only available when on-site.,Les Hangouts ne sont disponibles que sur place.,Gli Hangout sono disponibili solo quando ci si trova in loco.,Hangouts sind nur vor Ort verfügbar.,Hangouts zijn alleen beschikbaar als u op locatie bent.,Los hangouts solo están disponibles cuando estás en el sitio.,Dim ond pan fyddant ar y safle y mae Hangouts ar gael.,,仅在现场时才可以进行环聊。,
start_hanging_out,Start Hanging Out,Start Hanging Out,Commencez à sortir,Inizia a uscire,"Fangen Sie an, abzuhängen",Begin met rondhangen,Empieza a pasar el rato,Dechrau Hongian Allan,,开始闲逛,
staff_stories,Staff Stories,Staff Stories,Histoires du personnel,Storie del personale,Mitarbeitergeschichten,Verhalen van medewerkers,Historias del personal,Straeon Staff,,员工故事,
see_all,See all,See all,Tout voir,Vedi tutto,Alles sehen,Bekijk alles,Ver todo,Gweld y cyfan,,查看全部,
main_menu,Main Menu test,Main Menu test,Menu principal,Menu principale,Hauptmenü,Hoofdmenu,Menú principal,Prif Ddewislen,,主菜单,
arsehole,Arsehole,Arsehole,trou du cul,Stronzo,Arschloch,Klootzak,Gilipollas,Arsehole,,混蛋,
asshole,Asshole,Asshole,Connard,Stronzo,Arschloch,Eikel,Estúpido,Asshole,,混蛋,
ahole,Ahole,Ahole,Trou du cul,Ahole,Arschloch,Ahole,Ahole,Twll,,阿霍勒,
assholes,Assholes,Assholes,Connards,Stronzi,Arschlöcher,Eikels,Imbéciles,Assholes,,混蛋,
bastard,Bastard,Bastard,Bâtard,Bastardo,Bastard,Bastaard,Bastardo,bastard,,混蛋,
bastards,Bastards,Bastards,Salauds,Bastardi,Bastarde,Klootzakken,Bastardos,bastardiaid,,混蛋,
bitch,Bitch,Bitch,Chienne,Cagna,Hündin,Teef,Perra,Ast,,贱人,
bitches,Bitches,Bitches,Les chiennes,Cagne,Hündinnen,Teven,Perras,Geist,,贱人,
bellend,Bellend,Bellend,Bellend,Bellend,Bellend,Bellend,Bellend,Bellend,,贝伦德,
bollocks,Bollocks,Bollocks,Des conneries,Stronzate,Blödsinn,Onzin,Cojones,Bollocks,,胡说,
bugger,Bugger,Bugger,Salaud,Dannazione,Mistkerl,Verdorie,Tío,Byger,,混蛋,
bullshit,Bullshit,Bullshit,Connerie,Stronzate,Schwachsinn,Onzin,Mierda,Bullshit,,废话,
crap,Crap,Crap,Merde,Merda,Mist,Stront,Tonterías,Crap,,废话,
cunt,Cunt,Cunt,Chatte,Fica,Fotze,Kut,Coño,Cunt,,阴户,
cunts,Cunts,Cunts,Connards,Fiche,Fotzen,Kutten,Coños,Cunts,,阴户,
cnt,Cnt,Cnt,Cnt,Cnt,Anzahl,Hoef,Contador,Cnt,,计数,
clunge,Clunge,Clunge,Clunge,Aggrapparsi,Clunge,Vastklampen,Aferrarse,Clwng,,克伦格,
cock,Cock,Cock,Coq,Cazzo,Schwanz,Pik,Polla,Ceiliog,,公鸡,
dick,Dick,Dick,Queue,Cazzo,Dick,Dick,Polla,Dick,,迪克,
dickheads,Dickheads,Dickheads,Têtes de nœuds,Teste di cazzo,Schwachköpfe,Eikels,Imbéciles,Dickheads,,混蛋,
dickhead,Dickhead,Dickhead,Tête de bite,Testa di cazzo,Schwachkopf,Eikel,Gilipollas,Dickhead,,迪克黑德,
dyke,Dyke,Dyke,Digue,Diga,Deich,Dijk,Dique,Clawdd,,堤防,
fag,Fag,Fag,Pédé,Frocio,Kippe,Fag,Maricón,Ffag,,同性恋,
feck,Feck,Feck,Putain,Cavolo,Feck,Feck,Mierda,Feck,,费克,
fecking,Fecking,Fecking,Putain,Cavolo,Fecking,Neuken,Joder,Fecking,,费金,
fuck,Fuck,Fuck,Putain,Fanculo,Scheiße,Neuken,Mierda,Ffyc,,他妈的,
fucking,Fucking,Fucking,Putain de,Cazzo,Ficken,Neuken,Maldito,Ffycin,,他妈的,
fuckwit,Fuckwit,Fuckwit,Connard,Imbecille,Vollidiot,Klootzak,Imbécil,Fuckwit,,蠢货,
fuckwitt,Fuckwitt,Fuckwitt,Connard,Coglione,Scheißkerl,Klootzak,Joder,Fuckwitt,,富克维特,
motherfucker,Motherfucker,Motherfucker,Connard,Figlio di puttana,Wichser,Klootzak,Hijo de puta,Ystyr geiriau: Mamfucker,,混蛋,
minge,Minge,Minge,Minge,Minge,Minge,Minge,Minge,Minge,,明格,
prick,Prick,Prick,Piquer,Puntura,Stechen,Prik,Pinchazo,pric,,刺,
pricks,Pricks,Pricks,Piqûres,Punture,Stiche,Prikken,Pinchazos,Priciau,,刺,
pillocks,pillocks,pillocks,des pilules,idioti,Trottel,lullen,albóndigas,pilennau,,皮洛克斯,
pussy,Pussy,Pussy,Chatte,Figa,Muschi,Kutje,Coño,Pussy,,猫,
retard,Retard,Retard,Retard,Ritardare,Verzögern,Vertragen,Retardar,Retard,,减速,
retards,Retards,Retards,Retardés,Ritardati,Zurückgebliebene,Achterlijken,Retrasados,Retards,,智障,
shit,Shit,Shit,Merde,Merda,Scheiße,Stront,Mierda,Cachu,,拉屎,
shite,Shite,Shite,Merde,Merda,Scheiße,Shit,Mierda,Shite,,什特,
shitting,Shitting,Shitting,Chier,Fare la cacca,Scheißen,Schijten,Cagando,Crychu,,拉屎,
slut,Slut,Slut,Salope,Troia,Schlampe,Slet,Puta,Slut,,荡妇,
snatch,Snatch,Snatch,Arracher,Strappare,Schnappen,Rukken,Arrebatar,Cip,,抢夺,
tossers,Tossers,Tossers,Lanceurs,Imbroglioni,Werfer,Tossers,Lanzadores,Taflwyr,,投掷者,
tosser,Tosser,Tosser,Lanceur,Coglione,Werfer,Gooier,Lanzador,Tosser,,托瑟,
twat,Twat,Twat,Chatte,Coglione,Fotze,Kut,Coño,Twat,,阴户,
twatted,Twatted,Twatted,Twatted,Twatted,Twatted,Twatted,Twatted,Twtio,,Twatted,
wank,Wank,Wank,Branlette,sega,Wichsen,Aftrekken,Hacerse una paja,Wank,,手淫,
wanker,Wanker,Wanker,Branleur,Coglione,Wichser,Rukker,Gilipollas,Wancer,,混蛋,
wankers,Wankers,Wankers,Branleurs,Segaioli,Wichser,Eikels,Pajeros,Wncwyr,,混蛋,
replies,Replies,Replies,Réponses,Risposte,Antworten,Antwoorden,Respuestas,Atebion,,回复,
reply,Reply,Reply,Répondre,Rispondere,Antwort,Antwoord,Responder,Ateb,,回复,
pinned_post,pinned post,pinned post,publication épinglée,post appuntato,angehefteter Beitrag,vastgezette post,publicación fijada,post wedi'i binio,,置顶帖,
high_priority!,High Priority!,High Priority!,Haute priorité !,Alta priorità!,Hohe Priorität!,Hoge prioriteit!,¡Alta prioridad!,Blaenoriaeth Uchel!,,高优先级！,
üí¨_reply,üí¨ Reply,üí¨ Reply,üí¨ Réponse,üí¨ Rispondi,üí¨ Antworten,üí¨ Antwoord,üí¨ Responder,üí¨ Ateb,,回复,
reaction,Reaction,Reaction,Réaction,Reazione,Reaktion,Reactie,Reacción,Adwaith,,反应,
add_reaction,Add Reaction,Add Reaction,Ajouter une réaction,Aggiungi reazione,Reaktion hinzufügen,Reactie toevoegen,Añadir reacción,Ychwanegu Adwaith,,添加反应,
reply_to,Reply to,Reply to,Répondre à,Rispondi a,Beantworten,Reageer op,Responder a,Ateb i,,回复,
üí¨_hide_replies,üí¨ Hide replies,üí¨ Hide replies,üí¨ Masquer les réponses,üí¨ Nascondi le risposte,üí¨ Antworten ausblenden,üí¨ Verberg reacties,üí¨ Ocultar respuestas,üí¨ Cuddio atebion,,ðŸ'¬ 隐藏回复,
üí¨_add_reply,üí¨ Add reply,üí¨ Add reply,üí¨ Ajouter une réponse,üí¨ Aggiungi risposta,üí¨ Antwort hinzufügen,üí¨ Reactie toevoegen,üí¨ Añadir respuesta,üí¨ Ychwanegu ateb,,添加回复,
post_report_successfully,Post Report Successfully,Post Report Successfully,Publier le rapport avec succès,Pubblica il rapporto con successo,Bericht erfolgreich gepostet,Rapport succesvol geplaatst,Publicar informe con éxito,Adroddiad Post yn Llwyddiannus,,举报成功,
post_hide_successfully,Post Hide Successfully,Post Hide Successfully,Masquer la publication avec succès,Nascondi post con successo,Beitrag erfolgreich ausblenden,Bericht succesvol verbergen,Publicar ocultado exitosamente,Cuddio Post yn Llwyddiannus,,帖子隐藏成功,
post_delete_successfully,Post delete Successfully,Post delete Successfully,Suppression de la publication réussie,Post eliminato con successo,Beitrag erfolgreich gelöscht,Bericht succesvol verwijderd,Publicación eliminada exitosamente,Postio dileu yn llwyddiannus,,帖子删除成功,
post_pinned_successfully,Post Pinned Successfully,Post Pinned Successfully,Publication épinglée avec succès,Post bloccato con successo,Beitrag erfolgreich angepinnt,Bericht succesvol vastgezet,Publicación fijada exitosamente,Post wedi'i binio'n llwyddiannus,,帖子已成功置顶,
post_unpinned_successfully,Post UnPinned Successfully,Post UnPinned Successfully,Publication désépinglée avec succès,Post sbloccato con successo,Beitrag erfolgreich gelöst,Bericht succesvol losgemaakt,Publicación desfijada exitosamente,Postio heb ei binio yn llwyddiannus,,帖子取消置顶成功,
checking_in_you_are_being_checked-into_the_building_please_wait,"Checking in..., You are being checked-into the building. Please wait...","Checking in..., You are being checked-into the building. Please wait...",Enregistrement en cours… Vous êtes en cours d'enregistrement. Veuillez patienter…,"Check-in in corso..., Stai per effettuare il check-in nell'edificio. Attendi...","Check-in..., Sie werden im Gebäude eingecheckt. Bitte warten...","Inchecken..., U wordt ingecheckt in het gebouw. ​​Even geduld...","Registrando..., Se está registrando su ingreso al edificio. Por favor, espere...","Wrth gofrestru..., rydych chi'n cael eich gwirio i mewn i'r adeilad. Arhoswch os gwelwch yn dda...",,正在办理入住手续...，您正在办理入住手续。请稍候...,
dont_show_again,Dont show again,Dont show again,Ne plus afficher,Non mostrare più,Nicht mehr anzeigen,Niet meer tonen,No mostrar de nuevo,Peidiwch √¢ dangos eto,,不再显示,
please_review_these_terms,Please review these terms,Please review these terms,Veuillez consulter ces conditions,Si prega di rivedere questi termini,Bitte lesen Sie diese Bedingungen,Lees deze voorwaarden aandachtig door,Por favor revise estos términos,Adolygwch y telerau hyn,,请查看这些条款,
yes_i_agree_with_terms,"Yes, I agree with terms","Yes, I agree with terms","Oui, je suis d'accord avec les conditions","Sì, accetto i termini","Ja, ich stimme den Bedingungen zu","Ja, ik ga akkoord met de voorwaarden","Sí, estoy de acuerdo con los términos.","Ydw, rwy‚Äôn cytuno √¢ thelerau",,是的，我同意条款,
i_agree,I Agree,I Agree,Je suis d'accord,Sono d'accordo,Ich stimme zu,Ik ga akkoord,Estoy de acuerdo,Rwy'n Cytuno,,我同意,
image,Image,Image,Image,Immagine,Bild,Afbeelding,Imagen,Delwedd,,图像,
gif,Gif,Gif,Gif,Gif,Gif,Gif,GIF,Gif,,动图,
video,Video,Video,Vidéo,Video,Video,Video,Video,Fideo,,视频,
issue_reporting,Issue Reporting,Issue Reporting,Rapports de problèmes,Segnalazione di problemi,Problemberichterstattung,Probleemrapportage,Informe de problemas,Adrodd ar Faterion,,问题报告,
report_an_issue_for_any_problems_you_find_around_the_site,Report an issue for any problems you find around the site.,Report an issue for any problems you find around the site.,Signalez un problème pour tout problème que vous rencontrez sur le site.,Segnala un problema per qualsiasi problema riscontrato nel sito.,"Melden Sie ein Problem, wenn Sie auf der Site Probleme finden.",Meld eventuele problemen die u op de site tegenkomt.,Informar un problema sobre cualquier inconveniente que encuentre en el sitio.,Rhowch wybod am broblem am unrhyw broblemau y dewch o hyd iddynt o amgylch y wefan.,,报告您在网站上发现的任何问题。,
are_you_sure_to_delete_image_or_video?,Are you sure you want to delete image or video?,Are you sure you want to delete image or video?,Êtes-vous sûr de vouloir supprimer l'image ou la vidéo ?,Vuoi davvero eliminare l'immagine o il video?,Möchten Sie das Bild oder Video wirklich löschen?,Weet u zeker dat u de afbeelding of video wilt verwijderen?,¿Estás seguro de eliminar la imagen o el vídeo?,Ydych chi'n si≈µr i ddileu delwedd neu fideo?,,您确定要删除图片或视频吗？,
please_select_helpdesk,Please select helpdesk,Please select helpdesk,Veuillez sélectionner le service d'assistance,Seleziona l'helpdesk,Bitte wählen Sie Helpdesk,Selecteer helpdesk,Por favor seleccione el servicio de asistencia,Dewiswch ddesg gymorth,,请选择帮助台,
please_select_location,Please select location,Please select location,Veuillez sélectionner l'emplacement,Seleziona la posizione,Bitte Standort auswählen,Selecteer locatie,Por favor seleccione ubicación,Dewiswch leoliad,,请选择地点,
please_enter_title,Please enter title,Please enter title,Veuillez entrer le titre,Inserisci il titolo,Bitte geben Sie den Titel ein,Voer een titel in,"Por favor, introduzca el título",Rhowch y teitl,,请输入标题,
title_should_contain_more_than_5_characters,Title should contain more than 5 characters,Title should contain more than 5 characters,Le titre doit contenir plus de 5 caractères,Il titolo deve contenere più di 5 caratteri,Der Titel sollte mehr als 5 Zeichen enthalten,De titel moet meer dan 5 tekens bevatten,El título debe contener más de 5 caracteres.,Dylai teitl gynnwys mwy na 5 nod,,标题应包含 5 个以上字符,
description_should_contain_more_than_10_characters,should contain more than 10 characters,should contain more than 10 characters,doit contenir plus de 10 caractères,dovrebbe contenere più di 10 caratteri,sollte mehr als 10 Zeichen enthalten,moet meer dan 10 tekens bevatten,debe contener más de 10 caracteres,dylai gynnwys mwy na 10 nod,,应包含 10 个以上字符,
please_select,Please select,Please select,Veuillez sélectionner,Si prega di selezionare,Bitte wählen,Selecteer alstublieft,Por favor seleccione,Dewiswch os gwelwch yn dda,,请选择,
please_enter,Please enter,Please enter,Veuillez entrer,Per favore inserisci,Bitte geben Sie,Voer alstublieft in,"Por favor, introduzca",Rhowch,,请输入,
should_contain_more_than_5_characters,should contain more than 5 characters,should contain more than 5 characters,doit contenir plus de 5 caractères,dovrebbe contenere più di 5 caratteri,sollte mehr als 5 Zeichen enthalten,moet meer dan 5 tekens bevatten,debe contener más de 5 caracteres,dylai gynnwys mwy na 5 nod,,应包含 5 个以上字符,
reporting_issue,Reporting issue,Reporting issue,Signaler un problème,Segnalazione del problema,Problem melden,Probleem melden,Informar de un problema,Adrodd mater,,报告问题,
issue_reported_successfully,Issue reported successfully.,Issue reported successfully.,Problème signalé avec succès.,Problema segnalato correttamente.,Problem erfolgreich gemeldet.,Probleem succesvol gemeld.,Problema reportado exitosamente,Adroddwyd am y mater yn llwyddiannus.,,问题报告成功。,
issue_reporting_failed,Issue reporting failed.,Issue reporting failed.,Le signalement du problème a échoué.,Segnalazione del problema non riuscita.,Die Problemmeldung ist fehlgeschlagen.,Het melden van het probleem is mislukt.,Error en el informe de problemas.,Methodd adrodd ar y mater.,,问题报告失败。,
select_a_location,Select a Location,Select a Location,Sélectionnez un emplacement,Seleziona una posizione,Wähle einen Standort,Selecteer een locatie,Seleccione una ubicación,Dewiswch Lleoliad,,选择一个位置,
reporting_in,Reporting in,Reporting in,Reportage en,Segnalazione in,Berichterstattung in,Rapporteren in,Reportando en,Adrodd yn,,报告,
high_priority,High Priority,High Priority,Haute priorité,Alta priorità,Hohe Priorität,Hoge prioriteit,Alta prioridad,Blaenoriaeth Uchel,,高优先级,
this_is_a_pressing_issue_and_should_be_looked_at_immediately,This is a pressing issue and should be looked at immediately,This is a pressing issue and should be looked at immediately,Il s’agit d’un problème urgent qui doit être examiné immédiatement.,Si tratta di una questione urgente e dovrebbe essere affrontata immediatamente.,Dies ist ein dringendes Problem und sollte sofort angegangen werden,Dit is een dringend probleem dat onmiddellijk moet worden bekeken,Este es un problema urgente y debe abordarse de inmediato.,Mae hwn yn fater dybryd a dylid edrych arno ar unwaith,,这是一个紧迫的问题，应该立即考虑,
report_anonymously,Report Anonymously,Report Anonymously,Signaler anonymement,Segnala in forma anonima,Anonym melden,Anoniem melden,Informar anónimamente,Adrodd yn Ddienw,,匿名举报,
report_this_issue_so_staff_members_do_not_see_more,Report this issue so staff members do not see more,Report this issue so staff members do not see more,Signalez ce problème afin que les membres du personnel n'en voient plus,Segnala questo problema in modo che i membri dello staff non ne vedano altri,"Melden Sie dieses Problem, damit die Mitarbeiter nicht mehr sehen",Meld dit probleem zodat medewerkers niet meer zien,Informar este problema para que los miembros del personal no lo vean más,Rhowch wybod am y mater hwn fel nad yw aelodau staff yn gweld mwy,,报告此问题，以便工作人员不会看到更多,
image/video_attachments,Image/Video attachments,Image/Video attachments,Pièces jointes image/vidéo,Allegati immagine/video,Bild-/Videoanhänge,Afbeelding/videobijlagen,Archivos adjuntos de imagen/vídeo,Atodiadau delwedd/fideo,,图片/视频附件,
error_while_loading_please_try_again,Error while loading. Please try again,Error while loading. Please try again,Erreur lors du chargement. Veuillez réessayer.,Errore durante il caricamento. Riprova.,Beim Laden ist ein Fehler aufgetreten. Bitte versuchen Sie es erneut.,Fout bij het laden. Probeer het opnieuw.,Error al cargar. Inténtalo de nuevo.,Gwall wrth lwytho. Ceisiwch eto,,加载时出错。请重试,
select,Select,Select,Sélectionner,Selezionare,Wählen,Selecteer,Seleccionar,Dewiswch,,选择,
keycard,Keycard,Keycard,Carte-clé,Tessera magnetica,Schlüsselkarte,Sleutelkaart,Tarjeta de acceso,Cerdyn allwedd,,钥匙卡,
hold_your_phone_under_the_scanner_so_the_beam_aligns_to_the_qr_code,Hold your phone under the scanner so the beam aligns to the QR code.,Hold your phone under the scanner so the beam aligns to the QR code.,Tenez votre téléphone sous le scanner afin que le faisceau s'aligne sur le code QR.,Tieni il telefono sotto lo scanner in modo che il raggio sia allineato al codice QR.,"Halten Sie Ihr Telefon unter den Scanner, sodass der Strahl auf den QR-Code ausgerichtet ist.","Houd uw telefoon onder de scanner, zodat de straal op de QR-code is gericht.",Sostenga el teléfono debajo del escáner para que el haz se alinee con el código QR.,Daliwch eich ff√¥n o dan y sganiwr fel bod y trawst yn cyd-fynd √¢'r cod QR.,,将手机放在扫描仪下方，使光束与二维码对齐。,
tap_to_unlock_as,Tap to unlock as,Tap to unlock as,Appuyez pour déverrouiller comme,Tocca per sbloccare come,Zum Entsperren tippen als,Tik om te ontgrendelen als,Toca para desbloquear como,Tap i ddatgloi fel,,轻触即可解锁,
enter_this_code_in_the_terminal_to_enter,Enter this code in the terminal to enter.,Enter this code in the terminal to enter.,Entrez ce code dans le terminal pour entrer.,Inserisci questo codice nel terminale per accedere.,"Geben Sie diesen Code in das Terminal ein, um einzutreten.",Voer deze code in de terminal in om binnen te komen.,Introduzca este código en la terminal para ingresar.,Rhowch y cod hwn yn y derfynell i fynd i mewn.,,在终端中输入此代码即可进入。,
opened,Opened,Opened,Ouvert,Aperto,Geöffnet,Geopend,Abierto,Agorwyd,,已打开,
becket_house_keys,Becket house keys.,Becket house keys.,Clés de la maison Becket.,Chiavi di casa Becket.,Becket-Hausschlüssel.,Sleutels van het Beckethuis.,Llaves de la casa Becket.,Allweddi t≈∑ beced.,,贝克特家的钥匙。,
gain_access_to_resources_on_site,Gain access to resources on site,Gain access to resources on site,Accédez aux ressources sur place,Ottieni l'accesso alle risorse sul sito,Erhalten Sie Zugriff auf Ressourcen vor Ort,Krijg toegang tot bronnen op locatie,Obtenga acceso a los recursos en el sitio,Cael mynediad i adnoddau ar y safle,,获取现场资源,
via_qr,Via QR,Via QR,Par QR,Tramite QR,Über QR,Via QR,Vía QR,Trwy QR,,通过二维码,
nfc_and_codes,NFC and codes.,NFC and codes.,NFC et codes.,NFC e codici.,NFC und Codes.,NFC en codes.,NFC y códigos.,NFC a chodau.,,NFC 和代码。,
my_keycards,My Keycards,My Keycards,Mes cartes-clés,Le mie tessere magnetiche,Meine Schlüsselkarten,Mijn sleutelkaarten,Mis tarjetas de acceso,Fy Allweddellau,,我的钥匙卡,
card_holder,Card holder,Card holder,Porte-cartes,Titolare della carta,Karteninhaber,Kaarthouder,Titular de la tarjeta,Deiliad cerdyn,,卡夹,
type,Type,Type,Taper,Tipo,Typ,Type,Tipo,Math,,类型,
registered,Registered,Registered,Inscrit,Registrato,Eingetragen,Geregistreerd,Registrado,Wedi cofrestru,,挂号的,
hey,Hey,Hey,Hé,EHI,Hey,Hoi,Ey,Hei,,嘿,
please_collect_your_package_from_reception_counter_thanks,please collect your package from the reception counter. Thanks.,please collect your package from reception counter. Thanks.,Veuillez retirer votre colis à la réception. Merci.,Si prega di ritirare il pacco alla reception. Grazie.,Bitte holen Sie Ihr Paket am Empfangstresen ab. Danke.,Haal uw pakket op bij de receptie. Bedankt.,"Por favor, recoja su paquete en recepción. Gracias.",casglwch eich pecyn o gownter y dderbynfa. Diolch.,,请到接待处领取您的包裹。谢谢。,
loading,Loading,Loading,Chargement,Caricamento,Laden,Bezig met laden,Cargando,Llwytho,,加载中,
matched_users,Matched Users,Matched Users,Utilisateurs correspondants,Utenti abbinati,Übereinstimmende Benutzer,Overeenkomende gebruikers,Usuarios coincidentes,Defnyddwyr Cyfatebol,,匹配用户,
tap_a_user_below_to_send_a_delivery_alert_for_this_package,Tap a user below to send a delivery alert for this package.,Tap a user below to send a delivery alert for this package.,Appuyez sur un utilisateur ci-dessous pour envoyer une alerte de livraison pour ce colis.,Tocca un utente qui sotto per inviare un avviso di consegna per questo pacco.,"Tippen Sie unten auf einen Benutzer, um eine Zustellbenachrichtigung für dieses Paket zu senden.",Tik hieronder op een gebruiker om een ​​bezorgmelding voor dit pakket te verzenden.,Toque un usuario a continuación para enviar una alerta de entrega para este paquete.,Tapiwch ddefnyddiwr isod i anfon rhybudd danfon ar gyfer y pecyn hwn.,,点击下面的用户即可发送此包裹的递送提醒。,
scan_again,Scan Again,Scan Again,Scannez à nouveau,Scansiona di nuovo,Erneut scannen,Opnieuw scannen,Escanear de nuevo,Sgan eto,,再次扫描,
no_match_found!,No Match Found!,No Match Found!,Aucune correspondance trouvée !,Nessuna corrispondenza trovata!,Keine Übereinstimmung gefunden!,Geen overeenkomst gevonden!,¡No se encontró ninguna coincidencia!,Heb Ddarganfod Cyfateb!,,未找到匹配项！,
add_a_message_(optional),Add a message (optional),Add a message (optional),Ajouter un message (facultatif),Aggiungi un messaggio (facoltativo),Nachricht hinzufügen (optional),Voeg een bericht toe (optioneel),Añadir un mensaje (opcional),Ychwanegu neges (dewisol),,添加消息（可选）,
send,Send,Send,Envoyer,Inviare,Schicken,Versturen,Enviar,Anfon,,发送,
minutes_-,minutes -,minutes -,minutes -,minuti -,Minuten -,minuten -,minutos -,munud -,,分钟 -,
request_delivery_time,Request delivery time,Request delivery time,Demander un délai de livraison,Richiedi tempo di consegna,Lieferzeit anfragen,Vraag levertijd aan,Solicitar tiempo de entrega,Gofyn am amser dosbarthu,,请求交货时间,
text_to_announce_in_accessibility_modes,Text to announce in accessibility modes,Text to announce in accessibility modes,Texte à annoncer dans les modes d'accessibilité,Testo da annunciare nelle modalità di accessibilità,Text zur Ankündigung in den Barrierefreiheitsmodi,Tekst om aan te kondigen in toegankelijkheidsmodi,Texto para anunciar en modos de accesibilidad,Testun i'w gyhoeddi mewn moddau hygyrchedd,,在辅助功能模式下宣布的文本,
game_over,Game over,Game over,Jeu terminé,Game Over,Spiel vorbei,Spel voorbij,Juego terminado,G√™m drosodd,,游戏结束,
checkout,Checkout,Checkout,Vérifier,Guardare,Kasse,Uitchecken,Verificar,Desg dalu,,查看,
your_order,Your Order,Your Order,Votre commande,Il tuo ordine,Ihre Bestellung,Uw bestelling,Su pedido,Eich Gorchymyn,,您的订单,
place_order,Place Order,Place Order,Passer une commande,Effettua l'ordine,Bestellung aufgeben,Bestelling plaatsen,Realizar pedido,Trefn Lle,,下订单,
please_review_your_order_again,Please review your order again,Please review your order again,Veuillez revoir votre commande à nouveau,Si prega di rivedere nuovamente il tuo ordine,Bitte überprüfen Sie Ihre Bestellung noch einmal,Controleer uw bestelling nogmaals,Por favor revise su pedido nuevamente,Adolygwch eich archeb eto,,请再次检查您的订单,
do_you_really_want_to_cancel_this_order?,Do you really want to cancel this Order?,Do you really want to cancel this Order?,Voulez-vous vraiment annuler cette commande ?,Vuoi davvero annullare questo ordine?,Möchten Sie diese Bestellung wirklich stornieren?,Wilt u deze bestelling echt annuleren?,¿Está seguro de que desea cancelar este pedido?,Ydych chi wir eisiau canslo'r Gorchymyn hwn?,,您确实要取消此订单吗？,
confirmation,confirmation,confirmation,confirmation,conferma,Bestätigung,bevestiging,confirmación,cadarnhad,,确认,
cancel_this_order,Cancel this order,Cancel this order,Annuler cette commande,Annulla questo ordine,Diese Bestellung stornieren,Annuleer deze bestelling,Cancelar este pedido,Canslo'r gorchymyn hwn,,取消此订单,
delivery,Delivery,Delivery,Livraison,Consegna,Lieferung,Levering,Entrega,Cyflwyno,,送货,
enter_your_delivery_address_here,Enter your delivery address here...,Enter your delivery address here...,Entrez votre adresse de livraison ici...,Inserisci qui il tuo indirizzo di consegna...,Geben Sie hier Ihre Lieferadresse ein...,Voer hier uw afleveradres in...,Introduzca su dirección de entrega aquí...,Rhowch eich cyfeiriad danfon yma...,,在此输入您的送货地址...,
enter_any_instructions_for_your_delivery_driver_here,Enter any instructions for your delivery driver here..,Enter any instructions for your delivery driver here..,Saisissez ici toutes les instructions destinées à votre chauffeur-livreur.,Inserisci qui eventuali istruzioni per il corriere.,Geben Sie hier alle Anweisungen für Ihren Zusteller ein.,Voer hier eventuele instructies voor uw bezorger in.,Ingrese aquí cualquier instrucción para su conductor de entrega.,Rhowch unrhyw gyfarwyddiadau ar gyfer eich gyrrwr danfon yma..,,在此输入对送货司机的任何指示。,
basket,Basket,Basket,Panier,Cestino,Korb,Mand,Cesta,Basged,,篮子,
checkout_now,Check out Now,Checkout Now,Commander maintenant,Acquista ora,Jetzt zur Kasse,Nu afrekenen,Pagar ahora,Desg Dalu Nawr,,立即结帐,
claim_redeem,Claim Redeem,Claim Redeem,Réclamer Échanger,Richiedi Riscatta,Anspruch Einlösen,Claim Inwisselen,Reclamar Canjear,Hawliad a brynir,,索取兑换,
you_already_redeemed_this_discount,You already redeemed this discount.,You already redeemed this discount.,Vous avez déjà utilisé cette réduction.,Hai già usufruito di questo sconto.,Sie haben diesen Rabatt bereits eingelöst.,U heeft deze korting al verzilverd.,Ya canjeaste este descuento.,Rydych chi eisoes wedi adbrynu'r gostyngiad hwn.,,您已经兑换了此折扣。,
discount_available_for,Discount available for,Discount available for,Remise disponible pour,Sconto disponibile per,Rabatt verfügbar für,Korting beschikbaar voor,Descuento disponible para,Gostyngiad ar gael ar gyfer,,可享受折扣,
veggie,Vegetarian,Veggie,Végétarien,Vegetariano,Vegetarisch,Veggie,Vegetariano,Llysieuyn,,素食,
indian,Indian,Indian,indien,indiano,indisch,Indiaas,indio,Indiaidd,,印度,
drinks,Drinks,Drinks,Boissons,Bevande,Getränke,Drankjes,Bebidas,Diodydd,,饮料,
discounts,Discounts,Discounts,Réductions,Sconti,Rabatte,Kortingen,Descuentos,Gostyngiadau,,折扣,
starter,Appetizer,Starter,Démarreur,Antipasto,Anlasser,Starter,Motor de arranque,Dechreuwr,,起动机,
mains,Mains,Mains,Plats principaux,Rete principale,Netz,Hoofdvoeding,Red eléctrica,Prif gyflenwad,,电源,
store_not_found!,Store not found!,Store not found!,Magasin non trouvé !,Negozio non trovato!,Shop nicht gefunden!,Winkel niet gevonden!,¡Tienda no encontrada!,Heb ddod o hyd i'r storfa!,,未找到商店！,
were_closed_right_now_please_check_back_soon_soon,We're closed right now. Please check back soon soon.,Were closed right now. Please check back soon soon.,Nous sommes actuellement fermés. Revenez bientôt.,Al momento siamo chiusi. Tornate a trovarci presto.,Wir sind derzeit geschlossen. Bitte schauen Sie bald wieder vorbei.,We zijn momenteel gesloten. Kom snel weer eens kijken.,Estamos cerrados. Vuelve pronto.,Wedi cau ar hyn o bryd. Gwiriwch yn √¥l yn fuan.,,现已关闭。请稍后再回来查看。,
marketplace,Marketplace,Marketplace,Marché,Mercato,Marktplatz,Marktplaats,Mercado,Marchnad,,市场,
your_orders,Your Orders,Your Orders,Vos commandes,I tuoi ordini,Ihre Bestellungen,Uw bestellingen,Sus pedidos,Eich Gorchmynion,,您的订单,
ordered_on,Ordered on,Ordered on,Commandé le,Ordinato il,Bestellt am,Besteld op,Ordenado el,Archebwyd ymlaen,,订购日期,
clear,Clear,Clear,Clair,Chiaro,Klar,Duidelijk,Claro,Clir,,清除,
service_not_found!,Service not found!,Service not found!,Service non trouvé !,Servizio non trovato!,Dienst nicht gefunden!,Service niet gevonden!,¡Servicio no encontrado!,Gwasanaeth heb ei ddarganfod!,,未找到服务！,
something_went_wrong_try_again,Something went wrong. Try again,Something went wrong. Try again,Une erreur s'est produite. Réessayez.,Qualcosa è andato storto. Riprova.,Etwas ist schiefgelaufen. Versuchen Sie es erneut,Er is iets misgegaan. Probeer het opnieuw.,Algo salió mal. Inténtalo de nuevo.,Aeth rhywbeth o'i le. Ceisiwch eto,,出了点问题。请重试,
enter_your_space_name,Enter your space name,Enter your space name,Entrez le nom de votre espace,Inserisci il nome del tuo spazio,Geben Sie Ihren Raumnamen ein,Voer uw ruimtenaam in,Ingresa el nombre de tu espacio,Rhowch eich enw gofod,,输入您的空间名称,
please_try_again,Please try again.,Please try again.,Veuillez réessayer.,Riprova per favore.,Bitte versuchen Sie es erneut.,Probeer het nog eens.,"Por favor, inténtelo de nuevo.",Ceisiwch eto.,,请重试。,
youll_want_to_connect_to_these_chat_groups,Join these chat groups based on your interests.,Join these chat groups based on your interests.,Rejoignez ces groupes de discussion en fonction de vos intérêts.,Unisciti a questi gruppi di chat in base ai tuoi interessi.,Treten Sie diesen Chatgruppen basierend auf Ihren Interessen bei.,Sluit u aan bij deze chatgroepen op basis van uw interesses.,Únase a estos grupos de chat según sus intereses.,Byddwch chi eisiau cysylltu √¢'r grwpiau sgwrsio hyn.,,根据您的兴趣加入这些聊天组。,
enter_your_details_to_activate_your_account,Enter your details to activate your account.,Enter your details to activate your account.,Entrez vos coordonnées pour activer votre compte.,Inserisci i tuoi dati per attivare il tuo account.,"Geben Sie Ihre Daten ein, um Ihr Konto zu aktivieren.",Vul uw gegevens in om uw account te activeren.,Introduzca sus datos para activar su cuenta.,Rhowch eich manylion i actifadu eich cyfrif.,,输入您的详细信息以激活您的帐户。,
lets_go!,Lets Go!,Lets Go!,Allons-y!,Andiamo!,Lass uns gehen!,Laten we gaan!,¡Vamos!,Lets Go!,,我们走吧！,
please_wait,Please wait,Please wait,"S'il vous plaît, attendez",attendere prego,Bitte warten,Even geduld a.u.b.,Espere por favor,Arhoswch os gwelwch yn dda,,请稍等,
view_profile,View Profile,View Profile,Voir le profil,Visualizza profilo,Profil anzeigen,Bekijk profiel,Ver perfil,Gweld Proffil,,查看个人资料,
learn_more,Learn more.,Learn more.,Apprendre encore plus.,Saperne di più.,Erfahren Sie mehr.,Meer informatie.,Más información.,Dysgwch fwy.,,了解更多。,
exceptional,Exceptional,Exceptional,Exceptionnel,Eccezionale,Außergewöhnlich,Uitzonderlijk,Excepcional,Eithriadol,,卓越,
this_poll_and_surwayback_button,This poll and ???? Back Button,This poll and surwayBack Button,Ce sondage et cette enquêteBouton Retour,Questo sondaggio e il pulsante Indietro,Diese Umfrage und UmfrageZurück-Button,Deze poll en surwayBack-knop,Esta encuesta y el botón Volver,Mae'r p√¥l hwn a'r botwm surwayN√¥l,,本次投票和调查返回按钮,
answered_thanks_for_submitting_yours,"answered, Thank you for submitting","answered, Thanks for submitting yours.","répondu, merci d'avoir soumis le vôtre.","risposto, Grazie per aver inviato la tua.",beantwortet. Danke für die Übermittlung.,antwoordde: Bedankt voor het indienen van de uwe.,"respondido, gracias por enviar el tuyo.","atebodd, Diolch am gyflwyno'ch un chi.",,回答，感谢您提交您的问题。,
at_this_moment_there_is_no_package_available_for_you_if_any_package_available_for_you_will_get_notify,"At this moment there is no package available for you, if any package available for you will get notified","At this moment there is no package available for you, if any package available for you will get notify","Pour le moment, aucun package n'est disponible pour vous. Si un package est disponible pour vous, vous en serez informé.","Al momento non c'è nessun pacchetto disponibile per te, se ce n'è uno disponibile per te verrai avvisato","Im Moment ist kein Paket für Sie verfügbar. Wenn ein Paket für Sie verfügbar ist, werden Sie benachrichtigt","Op dit moment is er geen pakket voor u beschikbaar. Als er een pakket voor u beschikbaar is, krijgt u een melding.","En este momento no hay ningún paquete disponible para usted, si hay algún paquete disponible para usted recibirá una notificación","Ar hyn o bryd nid oes pecyn ar gael i chi, os bydd unrhyw becyn sydd ar gael i chi yn cael gwybod",,目前没有适合您的套餐，如果有可用的套餐，您将收到通知,
collected_packages_will_appear_here,Collected packages will appear here.,Collected packages will appear here.,Les colis collectés apparaîtront ici.,I pacchetti raccolti appariranno qui.,Hier werden gesammelte Pakete angezeigt.,Verzamelde pakketten verschijnen hier.,Los paquetes recolectados aparecerán aquí.,Bydd pecynnau a gasglwyd yn ymddangos yma.,,收集到的包裹将会在这里出现。,
my_reported_issues,My Reported Issues,My Reported Issues,Mes problèmes signalés,I miei problemi segnalati,Meine gemeldeten Probleme,Mijn gerapporteerde problemen,Mis problemas reportados,Fy Materion a Adroddir,,我报告的问题,
you_can_select,You can select,You can select,Vous pouvez sélectionner,Puoi selezionare,Sie können auswählen,U kunt selecteren,Puedes seleccionar,Gallwch ddewis,,您可以选择,
please_select_a_problem,Please select a problem,Please select a problem,Veuillez sélectionner un problème,Seleziona un problema,Bitte wählen Sie ein Problem aus,Selecteer een probleem,Por favor seleccione un problema,Dewiswch broblem,,请选择一个问题,
issue_id,Issue ID,Issue ID,ID du problème,ID problema,Problem-ID,Probleem-ID,Identificación del problema,ID y mater,,问题 ID,
find_location,Find Location,Find Location,Trouver un emplacement,Trova posizione,Standort suchen,Locatie vinden,Encontrar ubicación,Dod o Hyd i Leoliad,,查找位置,
other,Other,Other,Autre,Altro,Andere,Ander,Otro,Arall,,其他,
your_payment_has_been_successfully_processed,Your payment has been successfully processed.,Your payment has been successfully processed.,Votre paiement a été traité avec succès.,Il tuo pagamento è stato elaborato con successo.,Ihre Zahlung wurde erfolgreich verarbeitet.,Uw betaling is succesvol verwerkt.,Su pago ha sido procesado exitosamente.,Mae'ch taliad wedi'i brosesu'n llwyddiannus.,,您的付款已成功处理。,
at_this_moment_there_is_no_active_membership_available,At this moment there is no active membership available,At this moment there is no active membership available,"À l'heure actuelle, il n'y a pas d'adhésion active disponible",Al momento non è disponibile alcuna iscrizione attiva,Zurzeit ist keine aktive Mitgliedschaft verfügbar,Op dit moment is er geen actief lidmaatschap beschikbaar,En este momento no hay membresías activas disponibles,Ar hyn o bryd nid oes aelodaeth weithredol ar gael,,目前没有可用的有效会员资格,
continue,Continue,Continue,Continuer,Continuare,Weitermachen,Doorgaan,Continuar,Parhau,,继续,
cancelled_by_user,Cancelled by User.,Cancelled by User.,Annulé par l'utilisateur.,Annullato dall'utente.,Vom Benutzer abgebrochen.,Geannuleerd door gebruiker.,Cancelado por el usuario.,Wedi'i ganslo gan y Defnyddiwr.,,已被用户取消。,
no_space_found,No space found,No space found,Aucun espace trouvé,Nessuno spazio trovato,Kein Platz gefunden,Geen ruimte gevonden,No se encontró espacio,Heb ganfod lle,,未找到空间,
here_are_some_chat_groups_we_suggest!_you_can_edit_this_anytime,Here are some chat groups we suggest! You can edit this anytime,Here are some chat groups we suggest! You can edit this anytime,Voici quelques groupes de discussion que nous vous suggérons ! Vous pouvez les modifier à tout moment.,Ecco alcuni gruppi di chat che ti suggeriamo! Puoi modificarli in qualsiasi momento,"Hier sind einige Chatgruppen, die wir vorschlagen! Sie können diese jederzeit bearbeiten",Hier zijn enkele chatgroepen die we aanbevelen! Je kunt dit op elk gewenst moment bewerken.,¡Aquí tienes algunos grupos de chat que te sugerimos! Puedes editarlos cuando quieras.,Dyma rai grwpiau sgwrsio rydyn ni'n eu hawgrymu! Gallwch olygu hwn unrhyw bryd,,以下是我们推荐的一些聊天群组！您可以随时编辑此内容,
"we_have_sent_an_email_to_verify_your_email
_please_click_the_link_to_proceed_ahead","We have sent an email to verify your email.
 Please click the link to proceed ahead.","We have sent an email to verify your email.
 Please click the link to proceed ahead.",Nous vous avons envoyé un courriel pour vérifier votre adresse e-mail. Veuillez cliquer sur le lien pour continuer.,"Ti abbiamo inviato un'email per verificare il tuo indirizzo email.
Clicca sul link per procedere.","Wir haben Ihnen eine E-Mail zur Bestätigung Ihrer E-Mail-Adresse gesendet.
Bitte klicken Sie auf den Link, um fortzufahren.","We hebben een e-mail gestuurd om uw e-mailadres te verifiëren.
Klik op de link om verder te gaan.",Hemos enviado un correo electrónico para verificar su dirección de correo electrónico. Haga clic en el enlace para continuar.,"Rydym wedi anfon e-bost i wirio eich e-bost.
 Cliciwch ar y ddolen i fynd ymlaen.",,我们已发送电子邮件以验证您的邮箱。请点击链接继续操作。,
your_work_e-mail,Your work e-mail,Your work e-mail,Votre e-mail professionnel,La tua e-mail di lavoro,Ihre geschäftliche E-Mail,Uw werk-e-mailadres,Tu correo electrónico de trabajo,E-bost eich gwaith,,您的工作邮箱,
enable,Enable,Enable,Activer,Abilitare,Aktivieren,Inschakelen,Permitir,Galluogi,,使能够,
collected,Collected,Collected,Collecté,Raccolto,Gesammelt,Verzameld,Coleccionado,Wedi'i gasglu,,集,
report_an_issue,Report an Issue,Report an Issue,Signaler un problème,Segnala un problema,Ein Problem melden,Meld een probleem,Informar un problema,Rhoi gwybod am Fater,,报告问题,
only,only,only,seulement,soltanto,nur,alleen,solo,yn unig,,仅有的,
staff_member_assigned_to,Staff member assigned to,Staff member assigned to,Membre du personnel affecté à,Membro dello staff assegnato a,Mitarbeiter zugewiesen,Personeelslid toegewezen aan,Miembro del personal asignado a,Aelod o staff wedi'i neilltuo i,,工作人员被分配至,
other_please_specify_your_issue,"Other, please specify your issue","Other, please specify your issue","Autre, veuillez préciser votre problème","Altro, specifica il tuo problema","Sonstiges, bitte geben Sie Ihr Problem an","Anders, geef aan wat uw probleem is","Otro, por favor especifique su problema","Arall, nodwch eich mater",,其他，请具体说明您的问题,
automatically_renew_membership,Automatically renew membership,Automatically renew membership,Renouvellement automatique de l'adhésion,Rinnova automaticamente l'iscrizione,Mitgliedschaft automatisch verlängern,Lidmaatschap automatisch verlengen,Renovar automáticamente la membresía,Adnewyddu aelodaeth yn awtomatig,,自动续订会员资格,
subscribing,Subscribing...,Subscribing...,S'abonner...,Iscrizione in corso...,Abonnieren...,Abonneren...,Suscribiendose...,Wrthi'n tanysgrifio...,,订阅中...,
select_payment_plan,Select payment plan.,Select payment plan.,Sélectionnez le plan de paiement.,Seleziona il piano di pagamento.,Zahlungsplan auswählen.,Selecteer een betalingsplan.,Seleccione el plan de pago.,Dewiswch gynllun talu.,,选择付款计划。,
heyhub_is_your_gateway_to_the_community_in_your_space,KxEngage is your Gateway to the community in your space.,KxEngage is your Gateway to the community in your space.,KxEngage est votre passerelle vers la communauté de votre espace.,KxEngage è il tuo portale per accedere alla comunità del tuo spazio.,KxEngage ist Ihr Tor zur Community in Ihrer Nähe.,KxEngage is uw toegangspoort tot de community in uw sector.,KxEngage es su puerta de entrada a la comunidad en su espacio.,KxEngage yw eich Porth i'r gymuned yn eich gofod,,KxEngage 是您进入您所在空间社区的门户。,
next;,Next;,Next;,Suivant;,Prossimo;,Nächste;,Volgende;,Próximo;,Nesaf;,,下一个;,
"your_email_is_not_verified_please_check_your_email
_open_inbox","Your email is not verified. Please check your email.
 Open Inbox","Your email is not verified. Please check your email.
 Open Inbox","Votre adresse e-mail n'est pas vérifiée. Veuillez la vérifier.

Ouvrir la boîte de réception","Il tuo indirizzo email non è verificato. Controlla la tua email.
Apri Posta in arrivo","Ihre E-Mail-Adresse wurde nicht verifiziert. Bitte überprüfen Sie Ihre E-Mail-Adresse.
Posteingang öffnen","Je e-mailadres is niet geverifieerd. Controleer je e-mail.
Open inbox","Tu correo electrónico no está verificado. Por favor, revisa tu correo.
Abrir bandeja de entrada","Nid yw eich e-bost wedi'i wirio. Gwiriwch eich e-bost.
 Agor Blwch Derbyn",,您的邮箱尚未验证。请检查您的邮箱。打开收件箱,
terms_of_service,Terms of service,Terms of service,Conditions d'utilisation,Termini di servizio,Servicebedingungen,Servicevoorwaarden,Condiciones de servicio,Telerau gwasanaeth,,服务条款,
to,to,to,à,A,Zu,naar,a,i,,到,
package_address,Package Address,Package Address,Adresse du colis,Indirizzo del pacco,Paketadresse,Pakketadres,Dirección del paquete,Cyfeiriad Pecyn,,包裹地址,
emergency_report,Emergency Report,Emergency Report,Rapport d'urgence,Rapporto di emergenza,Notfallbericht,Noodrapport,Informe de emergencia,Adroddiad Argyfwng,,紧急报告,
please_select_a_to_report_this_issue,Please select a to report this issue.,Please select a to report this issue.,Veuillez sélectionner un pour signaler ce problème.,Seleziona un'opzione per segnalare questo problema.,"Bitte wählen Sie eins aus, um dieses Problem zu melden.",Selecteer een optie om dit probleem te melden.,Seleccione una opción para informar este problema.,Dewiswch a i adrodd am y mater hwn.,,请选择一个来报告此问题。,
problem,Problem,Problem,Problème,Problema,Problem,Probleem,Problema,Problem,,问题,
terms,Terms,Terms,Termes,Termini,Bedingungen,Voorwaarden,Términos,Termau,,条款,
payment_failed,Payment failed,Payment failed,Paiement échoué,Pagamento fallito,Zahlung fehlgeschlagen,Betaling mislukt,Pago fallido,Methodd y taliad,,付款失败,
resend,Resend,Resend,Renvoyer,Invia di nuovo,Erneut senden,Opnieuw verzenden,Reenviar,Ailanfon,,重新发送,
privacy_policy,Privacy policy,Privacy policy,Politique de confidentialité,Politica sulla riservatezza,Datenschutzrichtlinie,Privacybeleid,Política de privacidad,Polisi preifatrwydd,,隐私政策,
next_question,Next question,Next question,Question suivante,Domanda successiva,Nächste Frage,Volgende vraag,Siguiente pregunta,Cwestiwn nesaf,,下一个问题,
call_support,Call Support,Call Support,Appeler le support,Chiama il supporto,Support anrufen,Bel ondersteuning,Llamar al soporte técnico,Cefnogaeth Galwadau,,致电支持,
sorry_we_could_not_process_your_purchase_please_try_again_later,"Sorry, we could not process your purchase. Please try again later.","Sorry, we could not process your purchase. Please try again later.","Désolé, nous n'avons pas pu traiter votre achat. Veuillez réessayer ultérieurement.","Spiacenti, non è stato possibile elaborare il tuo acquisto. Riprova più tardi.",Leider konnten wir Ihren Kauf nicht bearbeiten. Bitte versuchen Sie es später noch einmal.,Helaas konden we uw aankoop niet verwerken. Probeer het later opnieuw.,"Lo sentimos, no pudimos procesar tu compra. Inténtalo de nuevo más tarde.","Mae'n ddrwg gennym, ni allem brosesu eich pryniant. Ceisiwch eto yn nes ymlaen.",,抱歉，我们无法处理您的购买。请稍后重试。,
i_confirmed_my_email,I confirmed my email,I confirmed my email,J'ai confirmé mon email,Ho confermato la mia email,Ich habe meine E-Mail bestätigt,Ik heb mijn e-mailadres bevestigd,Confirmé mi correo electrónico,Cadarnheais fy e-bost,,我确认了我的电子邮件,
issue_reported_successfully,Issue reported successfully,Issue reported successfully,Problème signalé avec succès,Problema segnalato correttamente,Problem erfolgreich gemeldet,Probleem succesvol gemeld,Problema reportado exitosamente,Adroddwyd am y mater yn llwyddiannus,,问题已成功报告,
skip,Skip,Skip,Sauter,Saltare,Überspringen,Overslaan,Saltar,Sgipio,,跳过,
not_your_email?,Not your email?,Not your email?,Ce n'est pas votre email ?,Non è il tuo indirizzo email?,Nicht Ihre E-Mail?,Is dit niet jouw e-mailadres?,¿No es tu correo electrónico?,Nid eich e-bost?,,不是您的电子邮件？,
question,Question,Question,Question,Domanda,Frage,Vraag,Pregunta,Cwestiwn,,问题,
issue_reporting_failed,Issue reporting failed.,Issue reporting failed.,Le signalement du problème a échoué.,Segnalazione del problema non riuscita.,Die Problemmeldung ist fehlgeschlagen.,Het melden van het probleem is mislukt.,Error en el informe de problemas.,Methodd adrodd ar y mater.,,问题报告失败。,
photos_or_videos,Photos or Videos,Photos or Videos,Photos ou vidéos,Foto o video,Fotos oder Videos,Foto's of video's,Fotos o vídeos,Lluniau neu Fideos,,照片或视频,
membership_perks,Membership Perks,Membership Perks,Avantages de l'adhésion,Vantaggi per i soci,Vorteile der Mitgliedschaft,Lidmaatschapsvoordelen,Beneficios de la membresía,Manteision Aelodaeth,,会员福利,
we_sent_you_a_link_check_your_spam_/_junk_or_resend_it,We sent you a link. Check your spam / junk or resend it.,We sent you a link. Check your spam / junk or resend it.,Nous vous avons envoyé un lien. Vérifiez vos spams ou renvoyez-le.,Ti abbiamo inviato un link. Controlla la cartella spam/posta indesiderata o invialo di nuovo.,Wir haben Ihnen einen Link gesendet. Überprüfen Sie Ihren Spam-/Junk-Ordner oder senden Sie ihn erneut.,We hebben je een link gestuurd. Controleer je spam/ongewenste e-mail of verstuur hem opnieuw.,Te enviamos un enlace. Revisa tu carpeta de spam o reenvíalo.,Rydym wedi anfon dolen atoch. Gwiriwch eich sbam / sothach neu ei ail-anfon.,,我们已向您发送链接。请检查您的垃圾邮件或重新发送。,
answered_thanks_for_submitting_yours,answered. Thanks for submitting yours.,answered. Thanks for submitting yours.,répondu. Merci d'avoir soumis le vôtre.,risposto. Grazie per aver inviato la tua domanda.,beantwortet. Danke für Ihre Anfrage.,beantwoord. Bedankt voor het indienen van de jouwe.,Contestado. Gracias por enviar el tuyo.,atebodd. Diolch am gyflwyno'ch un chi.,,已回答。感谢您提交您的问题。,
no_image_or_video_uploaded,No image or video uploaded,No image or video uploaded,Aucune image ou vidéo téléchargée,Nessuna immagine o video caricato,Kein Bild oder Video hochgeladen,Geen afbeelding of video geüpload,No se ha subido ninguna imagen ni vídeo,Dim delwedd na fideo wedi'u huwchlwytho,,未上传图片或视频,
billing_information,Billing Information,Billing Information,Informations de facturation,Informazioni di fatturazione,Abrechnungsdaten,Factureringsinformatie,Información de facturación,Gwybodaeth Bilio,,账单信息,
congratulation,Congratulation,Congratulation,Félicitations,Congratulazioni,Glückwunsch,Gefeliciteerd,Felicidades,Llongyfarchiadau,,祝贺,
confirm_your_email,Confirm your email.,Confirm your email.,Confirmez votre email.,Conferma la tua email.,Bestätigen Sie Ihre E-Mail.,Bevestig uw e-mailadres.,Confirme su correo electrónico.,Cadarnhewch eich e-bost.,,确认您的电子邮件。,
submitting,Submitting...,Submitting...,Soumission...,Invio in corso...,Senden...,Verzenden...,Sumisión...,Wrthi'n cyflwyno...,,正在提交...,
plan_options,Plan Options,Plan Options,Options du plan,Opzioni del piano,Planoptionen,Planopties,Opciones de plan,Opsiynau Cynllun,,计划选项,
descriptionexpired,Expired,Expired,Expiré,Scaduto,Abgelaufen,Verlopen,Venció,Disgrifiad Wedi dod i ben,,已到期,
please_specify_(optional),Please provide as much information as possible.,Please provide as much information as possible.,Veuillez fournir autant d'informations que possible.,Si prega di fornire quante più informazioni possibili.,Bitte geben Sie so viele Informationen wie möglich an.,Geef zoveel mogelijk informatie.,Proporcione tanta información como sea posible.,Nodwch (Dewisol),,请提供尽可能多的信息。,
renew_membership,Renew Membership,Renew Membership,Renouveler l'adhésion,Rinnova l'iscrizione,Mitgliedschaft erneuern,Lidmaatschap verlengen,Renovar membresía,Adnewyddu Aelodaeth,,续订会员资格,
benefits,benefits.,benefits.,avantages.,benefici.,Vorteile.,voordelen.,beneficios.,manteision.,,好处。,
select_location,SelectLocation,SelectLocation,Sélectionner l'emplacement,SelezionaPosizione,Standort auswählen,SelecteerLocatie,Seleccionar ubicación,Dewiswch Lleoliad,,选择地点,
add_photos_or_videos_(optional),Add Photos or Videos (Optional),Add Photos or Videos (Optional),Ajouter des photos ou des vidéos (facultatif),Aggiungi foto o video (facoltativo),Fotos oder Videos hinzufügen (optional),Foto's of video's toevoegen (optioneel),Agregar fotos o videos (opcional),Ychwanegu Lluniau neu Fideos (Dewisol),,添加照片或视频（可选）,
to_continue_is_to_accept_the,To continue is to accept the,To continue is to accept the,Continuer c'est accepter la,Continuare è accettare il,"Weiterzumachen bedeutet, die",Doorgaan is het accepteren van de,Continuar es aceptar la,I barhau yw derbyn y,,继续下去就是接受,
membership_terms,membership terms,membership terms,conditions d'adhésion,termini di adesione,Mitgliedschaftsbedingungen,lidmaatschapsvoorwaarden,condiciones de membresía,telerau aelodaeth,,会员条款,
staff_will_not_be_able_to_see_your_identity,Staff will not be able to see your identity,Staff will not be able to see your identity,Le personnel ne pourra pas voir votre identité,Il personale non sarà in grado di vedere la tua identità,Das Personal kann Ihre Identität nicht sehen,Medewerkers kunnen uw identiteit niet zien,El personal no podrá ver su identidad.,Ni fydd staff yn gallu gweld pwy ydych chi,,工作人员将无法看到您的身份,
your_purchase_was_successful!,Your Purchase was successful!,Your Purchase was successful!,Votre achat a réussi !,Il tuo acquisto è andato a buon fine!,Ihr Kauf war erfolgreich!,Uw aankoop is succesvol!,¡Tu compra fue exitosa!,Roedd eich Pryniant yn llwyddiannus!,,您的购买成功！,
report_issue,Report Issue,Report Issue,Signaler un problème,Segnala un problema,Problem melden,Probleem melden,Informar de un problema,Adroddiad Mater,,报告问题,
What is missing:,,,#VALUE!,#VALUE!,#VALUE!,#VALUE!,#VALUE!,#VALUE!,,,
are_you_sure_you_want_to_,Are you sure you want to?,Are you sure you want to,Etes-vous sûr de vouloir,Sei sicuro di volerlo?,"Sind Sie sicher, dass Sie",Weet je zeker dat je dat wilt?,¿Estás seguro que deseas?,A ydych yn sicr eich bod am -nl,,您确定要,
search_record_not_found._,Search record not found.,Search record not found.,Enregistrement de recherche non trouvé.,Record di ricerca non trovato.,Suchdatensatz nicht gefunden.,Zoekresultaat niet gevonden.,No se encontró el registro de búsqueda.,Ni chanfuwyd y cofnod chwilio. -nl,,未找到搜索记录。,
change_est._delivery_time,Change Est. Delivery Time,Change Est. Delivery Time,Modifier le délai de livraison estimé,Modifica tempo di consegna stimato,Geschätzte Lieferzeit ändern,Wijzig geschatte levertijd,Cambiar el tiempo estimado de entrega,Newid Est. Amser Cyflenwi-nl,,更改预计交货时间,
booking_slot_mush_of_30_min_interval_.,Booking slot must of 30 min interval .,Booking slot must of 30 min interval .,Le créneau de réservation doit être d'un intervalle de 30 minutes.,La fascia oraria di prenotazione deve essere di 30 minuti di intervallo.,Der Buchungszeitpunkt muss im Abstand von 30 Minuten liegen.,De reserveringstijd moet 30 minuten duren.,El intervalo de reserva debe ser de 30 minutos.,Slot bwcio mwsh o egwyl 30 munud .-nl,,预订时段必须间隔 30 分钟。,
this_slot_is_not_available._please_select_another_slot,This Slot is not available. Please select another Slot,This Slot is not available. Please select another Slot,Ce créneau n'est pas disponible. Veuillez en sélectionner un autre.,Questo slot non è disponibile. Seleziona un altro slot,Dieser Slot ist nicht verfügbar. Bitte wählen Sie einen anderen Slot,Deze sleuf is niet beschikbaar. Selecteer een andere sleuf.,Esta ranura no está disponible. Seleccione otra ranura.,Nid yw'r Slot hwn ar gael. Dewiswch Slot-nl arall,,此插槽不可用。请选择其他插槽。,
"product_updated_successfully
fail_to_add_product","Product updated successfully
Fail to add Product","Product updated successfully
Fail to add Product","Mise à jour du produit réussie
Échec de l'ajout du produit","Prodotto aggiornato correttamente
Impossibile aggiungere il prodotto","Produkt erfolgreich aktualisiert
Produkt konnte nicht hinzugefügt werden","Product succesvol bijgewerkt
Product toevoegen mislukt","Producto actualizado correctamente
Error al agregar el producto","Cynnyrch wedi'i ddiweddaru'n llwyddiannus
Methu ag ychwanegu Cynnyrch-nl",,产品更新成功 添加产品失败,
qty.remaining_today,Qty.Remaining Today,Qty.Remaining Today,Quantité restante aujourd'hui,Quantità rimanente oggi,Heute verbleibende Menge,Aantal resterend vandaag,Cantidad restante hoy,Qty.Remaining Today-nl,,今日剩余数量,
av.time_to_order_completed,Av.Time to Order Completed,Av.Time to Order Completed,Délai moyen de réalisation de la commande,Tempo medio per il completamento dell'ordine,Durchschnittliche Zeit bis zur Auftragserfüllung,Gemiddelde tijd tot bestelling voltooid,Tiempo promedio para completar el pedido,Av.Amser i Archebu Cwblhawyd-nl,,订单完成平均时间,
to_confirm_there_are_${this.mismatchquantitycount.length}_items_which_the_user_has_requested_but_are_unable_to_be_fulfilled.return_this_updated_order_to_the_customer?or_reject_this_order_outright?,"To confirm, there are ${this.mismatchQuantityCount.length} items which the user has requested, but are unable to be fulfilled.Return this updated order to the customer?Or Reject this order outright?","To confirm, there are ${this.mismatchQuantityCount.length} items which the user has requested, but are unable to be fulfilled.Return this updated order to the customer?Or Reject this order outright?","Pour confirmer, il y a ${this.mismatchQuantityCount.length} articles que l'utilisateur a demandés, mais qui ne peuvent pas être satisfaits. Retourner cette commande mise à jour au client ? Ou rejeter purement et simplement cette commande ?","Per confermare, ci sono ${this.mismatchQuantityCount.length} articoli che l'utente ha richiesto, ma che non possono essere evasi. Restituire questo ordine aggiornato al cliente? Oppure rifiutare subito questo ordine?","Zur Bestätigung: Es gibt ${this.mismatchQuantityCount.length} Artikel, die der Benutzer angefordert hat, die aber nicht erfüllt werden können. Soll diese aktualisierte Bestellung an den Kunden zurückgesendet werden? Oder soll diese Bestellung direkt abgelehnt werden?","Ter bevestiging: er zijn ${this.mismatchQuantityCount.length} artikelen die de gebruiker heeft aangevraagd, maar die niet konden worden geleverd. Wilt u deze bijgewerkte bestelling retourneren aan de klant? Of wilt u deze bestelling direct afwijzen?","Para confirmar, hay ${this.mismatchQuantityCount.length} artículos que el usuario solicitó, pero no se pudieron completar. ¿Devolver este pedido actualizado al cliente? ¿O rechazar este pedido por completo?","I gadarnhau, mae ${this.mismatchQuantityCount.length} eitem y mae'r defnyddiwr wedi gofyn amdanynt, ond nid oes modd eu cyflawni. Dychwelyd yr archeb ddiweddaredig hon i'r cwsmer? Neu Gwrthod yr archeb hon yn llwyr?-nl",,确认一下，用户请求了 ${this.mismatchQuantityCount.length} 个商品，但无法完成。请将更新后的订单退回给客户？还是直接拒绝此订单？,
to_confirm_all_items_the_user_has_requested_are_available_and_the_order_can_successfully_be_placed.once_you_approve_the_orderthe_customers_card_will_be_charged,"To confirm, all items the user has requested are available and the order can successfully be placed.Once you approve the order,the customers card will be charged","To confirm, all items the user has requested are available and the order can successfully be placed.Once you approve the order,the customers card will be charged","Pour confirmer, tous les articles demandés par l'utilisateur sont disponibles et la commande peut être passée avec succès. Une fois la commande approuvée, la carte du client sera débitée.","Per confermare, tutti gli articoli richiesti dall'utente sono disponibili e l'ordine può essere effettuato correttamente. Una volta approvato l'ordine, l'importo verrà addebitato sulla carta del cliente.","Zur Bestätigung sind alle vom Benutzer angeforderten Artikel verfügbar und die Bestellung kann erfolgreich aufgegeben werden. Sobald Sie die Bestellung genehmigen, wird die Kundenkarte belastet","Ter bevestiging zijn alle artikelen die de gebruiker heeft aangevraagd beschikbaar en kan de bestelling succesvol worden geplaatst. Zodra u de bestelling goedkeurt, wordt de kaart van de klant belast","Para confirmar, todos los artículos que el usuario ha solicitado están disponibles y el pedido se puede realizar correctamente. Una vez que apruebe el pedido, se cargará la tarjeta del cliente.","I gadarnhau, mae'r holl eitemau y mae'r defnyddiwr wedi gofyn amdanynt ar gael a gellir gosod yr archeb yn llwyddiannus. Unwaith y byddwch yn cymeradwyo'r archeb, codir t√¢l ar y cerdyn cwsmer-nl",,确认用户请求的所有商品均有货，订单可以成功下单。一旦您批准订单，将从客户的卡中扣款,
is_the_order_ready_for_delivery?if_so_confirm_order_prepared_to_notify_the_customer_the_order_is_ready_for_delivery/collection.,Is the order ready for delivery?If so confirm Order Prepared to notify the customer the order is ready for delivery/collection.,Is the order ready for delivery?If so confirm Order Prepared to notify the customer the order is ready for delivery/collection.,"La commande est-elle prête à être livrée ? Si tel est le cas, confirmez « Commande préparée » pour informer le client que la commande est prête à être livrée/collectée.","L'ordine è pronto per la consegna? In tal caso, confermare l'ordine preparato per avvisare il cliente che l'ordine è pronto per la consegna/il ritiro.","Ist die Bestellung zur Lieferung bereit? Wenn ja, bestätigen Sie „Bestellung vorbereitet“, um den Kunden darüber zu informieren, dass die Bestellung zur Lieferung/Abholung bereit ist.","Is de bestelling klaar voor levering? Zo ja, bevestig de bestelling. De bestelling is klaar om de klant te laten weten dat de bestelling klaar is voor levering/afhaling.","¿Está el pedido listo para ser entregado? Si es así, confirme Pedido preparado para notificar al cliente que el pedido está listo para ser entregado/recogido.",Ydy'r archeb yn barod i'w danfon? Os felly cadarnhewch Archeb Barod i hysbysu'r cwsmer fod yr archeb yn barod i'w danfon/casglu.-nl,,订单是否已准备好交付？如果是，请确认订单已准备好通知客户订单已准备好交付/收集。,
TRUE,TRUE,TRUE,VRAI,VERO,WAHR,WAAR,VERDADERO,GWIR-nl,,TRUE,
status.,status.,status.,statut.,stato.,Status.,toestand.,estado.,statws.-nl,,地位。,
error_while_getting_location_list._please_try_again.,Error while Getting Location List. Please try again.,Error while Getting Location List. Please try again.,Erreur lors de l'obtention de la liste des emplacements. Veuillez réessayer.,Errore durante il recupero dell'elenco delle posizioni. Riprova.,Beim Abrufen der Standortliste ist ein Fehler aufgetreten. Bitte versuchen Sie es erneut.,Fout bij het ophalen van de locatielijst. Probeer het opnieuw.,Error al obtener la lista de ubicaciones. Inténtalo de nuevo.,Gwall wrth Gael Rhestr Lleoliadau. Ceisiwch eto.-nl,,获取位置列表时出错。请重试。,
"error_while_getting_location_list.
required_details","Error while Getting Location List.
Required Details","Error while Getting Location List.
Required Details","Erreur lors de l'obtention de la liste des emplacements.
Informations requises.","Errore durante il recupero dell'elenco delle posizioni.
Dettagli richiesti","Fehler beim Abrufen der Standortliste.
Erforderliche Angaben","Fout bij het ophalen van de locatielijst.
Vereiste gegevens","Error al obtener la lista de ubicaciones.
Detalles obligatorios.","Gwall wrth Gael Rhestr Lleoliadau.
Manylion Gofynnol-nl",,获取位置列表时出错。需要详细信息,
please_select_one_location_at_least.,Please select one Location at least.,Please select one Location at least.,Veuillez sélectionner au moins un emplacement.,Seleziona almeno una posizione.,Bitte wählen Sie mindestens einen Standort aus.,Selecteer minimaal één locatie.,Seleccione al menos una ubicación.,Dewiswch un Lleoliad o leiaf.-nl,,请至少选择一个位置。,
please_select_agreement_pdf_file.,Please Select agreement PDF file.,Please Select agreement PDF file.,Veuillez sélectionner le fichier PDF de l'accord.,Selezionare il file PDF dell'accordo.,Bitte wählen Sie die PDF-Datei mit der Vereinbarung aus.,Selecteer het PDF-bestand met de overeenkomst.,Por favor seleccione el archivo PDF del acuerdo.,Os gwelwch yn dda Dewiswch cytundeb ffeil PDF.-nl,,请选择协议PDF文件。,
please_enter_agreement_title.,Please enter agreement title.,Please enter agreement title.,Veuillez saisir le titre de l'accord.,Inserisci il titolo dell'accordo.,Bitte geben Sie den Vertragstitel ein.,Voer de titel van de overeenkomst in.,Ingrese el título del acuerdo.,Rhowch deitl y cytundeb.-nl,,请输入协议标题。,
"confirm
removeupdate","Confirm
RemoveUpdate","Confirm
RemoveUpdate","Confirmer
Supprimer la mise à jour","Conferma
RimuoviAggiorna","Bestätigen
Update entfernen","Bevestigen
VerwijderenUpdate","Confirmar
EliminarActualizar","Cadarnhau
DileuDiweddariad-nl",,确认 RemoveUpdate,
add_agreement_document,Add Agreement Document,Add Agreement Document,Ajouter un document d'accord,Aggiungi documento di accordo,Vertragsdokument hinzufügen,Overeenkomstdocument toevoegen,Agregar documento de acuerdo,Ychwanegu Dogfen Gytundeb-nl,,添加协议文档,
order_Id,Order Id,Order Id,ID de commande,ID ordine,Bestellnummer,Bestellings-ID,Identificación del pedido,Gorchymyn Id-nl,,订单编号,
ticket_no.,Ticket No.,Ticket No.,Numéro de billet,Numero del biglietto,Ticket-Nr.,Ticketnr.,Número de billete,Tocyn Rhif-nl,,票号,
error_while_getting_community_list._please_try_again.,Error while Getting Community List. Please try again.,Error while Getting Community List. Please try again.,Erreur lors de l'obtention de la liste des communautés. Veuillez réessayer.,Errore durante il recupero dell'elenco della community. Riprova.,Beim Abrufen der Community-Liste ist ein Fehler aufgetreten. Bitte versuchen Sie es erneut.,Fout bij het ophalen van de communitylijst. Probeer het opnieuw.,Error al obtener la lista de la comunidad. Inténtalo de nuevo.,Gwall wrth Gael Rhestr Gymunedol. Ceisiwch eto.-nl,,获取社区列表时出错。请重试。,
error_while_getting_community_list.,Error while Getting Community List.,Error while Getting Community List.,Erreur lors de l'obtention de la liste des communautés.,Errore durante il recupero dell'elenco della community.,Fehler beim Abrufen der Community-Liste.,Fout bij het ophalen van de communitylijst.,Error al obtener la lista de la comunidad.,Gwall wrth Gael Rhestr Gymunedol.-nl,,获取社区列表时出错。,
end_date_should_be_greater_than_start_date,End date should be greater than start date,End date should be greater than start date,La date de fin doit être supérieure à la date de début,La data di fine dovrebbe essere maggiore della data di inizio,Das Enddatum muss nach dem Startdatum liegen,Einddatum moet groter zijn dan startdatum,La fecha de finalización debe ser mayor que la fecha de inicio,Dylai'r dyddiad gorffen fod yn fwy na'r dyddiad cychwyn-nl,,结束日期应晚于开始日期,
please_select_one_community_at_least.,Please select one community at least.,Please select one community at least.,Veuillez sélectionner au moins une communauté.,Seleziona almeno una comunità.,Bitte wählen Sie mindestens eine Community aus.,Selecteer minimaal één community.,Seleccione al menos una comunidad.,Dewiswch un gymuned o leiaf.-nl,,请至少选择一个社区。,
please_add_one_question_at_least.,Please add one question at least.,Please add one question at least.,Veuillez ajouter au moins une question.,Aggiungi almeno una domanda.,Bitte fügen Sie mindestens eine Frage hinzu.,Voeg minimaal één vraag toe.,Por favor añade al menos una pregunta.,Ychwanegwch un cwestiwn o leiaf.-nl,,请至少添加一个问题。,
please_select_end_date.,Please select end date.,Please select end date.,Veuillez sélectionner la date de fin.,Seleziona la data di fine.,Bitte wählen Sie das Enddatum.,Selecteer een einddatum.,Por favor seleccione la fecha de finalización.,Dewiswch dyddiad gorffen.-nl,,请选择结束日期。,
please_select_start_date.,Please select start date.,Please select start date.,Veuillez sélectionner la date de début.,Seleziona la data di inizio.,Bitte wählen Sie das Startdatum.,Selecteer een startdatum.,Por favor seleccione la fecha de inicio.,Dewiswch dyddiad cychwyn.-nl,,请选择开始日期。,
please_enter_poll_name.,Please enter poll name.,Please enter poll name.,Veuillez saisir le nom du sondage.,Inserisci il nome del sondaggio.,Bitte geben Sie den Umfragenamen ein.,Voer een pollnaam in.,Ingrese el nombre de la encuesta.,Rhowch enw'r arolwg barn.-nl,,请输入投票名称。,
this_quastion_already_exist,This quastion already exist,This quastion already exist,Cette question existe déjà,Questa domanda esiste già,Diese Frage existiert bereits,Deze vraag bestaat al,Esta pregunta ya existe,Mae'r cwestiwn hwn eisoes yn bodoli-nl,,这个问题已经存在,
no_polls_available_at_the_moment!,No polls available at the moment!,No polls available at the moment!,Aucun sondage disponible pour le moment !,Al momento non ci sono sondaggi disponibili!,Zurzeit sind keine Umfragen verfügbar!,Er zijn momenteel geen peilingen beschikbaar!,¡No hay encuestas disponibles en este momento!,Dim polau piniwn ar gael ar hyn o bryd!-nl,,目前没有可用的民意调查！,
"to
resident","To
Resident","To
Resident",À l'attention du/de la résident(e),"A
Residente","An
Bewohner","Aan
Bewoner","Para
Residente","I
Preswylydd-nl",,致住户,
error_while_getting_location_list.,Error while Getting Location List.,Error while Getting Location List.,Erreur lors de l'obtention de la liste des emplacements.,Errore durante il recupero dell'elenco delle posizioni.,Fehler beim Abrufen der Standortliste.,Fout bij het ophalen van de locatielijst.,Error al obtener la lista de ubicaciones.,Gwall wrth Gael Lleoliad List.-nl,,获取位置列表时出错。,
you_have_to_add_billing_details_before_publishing_a_membership.,You have to add billing details before publishing a membership.,You have to add billing details before publishing a membership.,Vous devez ajouter les détails de facturation avant de publier un abonnement.,Prima di pubblicare un abbonamento è necessario aggiungere i dettagli di fatturazione.,"Sie müssen Rechnungsdetails hinzufügen, bevor Sie eine Mitgliedschaft veröffentlichen.",U moet factuurgegevens toevoegen voordat u een lidmaatschap publiceert.,Debe agregar detalles de facturación antes de publicar una membresía.,Mae'n rhaid i chi ychwanegu manylion bilio cyn cyhoeddi aelodaeth.-nl,,您必须在发布会员资格之前添加账单详细信息。,
write_message...,Write message...,Write message...,Écrire un message...,Scrivi un messaggio...,Nachricht schreiben...,Bericht schrijven...,Escribe un mensaje...,Ysgrifennu neges...-nl,,写消息...,
please_be_sure_to_add_taxes_on_top_of_ticket_prices_after_this_event_has_been_created.,Please be sure to add taxes on top of ticket prices after this event has been created.,Please be sure to add taxes on top of ticket prices after this event has been created.,Assurez-vous d'ajouter les taxes au prix des billets après la création de cet événement.,"Dopo aver creato l'evento, assicurati di aggiungere le tasse al prezzo del biglietto.","Bitte denken Sie daran, nach der Erstellung dieser Veranstaltung zusätzlich zu den Ticketpreisen Steuern hinzuzufügen.",Zorg ervoor dat u de belastingen over de ticketprijs heen rekent nadat het evenement is aangemaakt.,Asegúrese de agregar impuestos a los precios de las entradas después de que se haya creado este evento.,Gwnewch yn si≈µr eich bod chi'n ychwanegu trethi ar ben prisiau tocynnau ar √¥l i'r digwyddiad hwn gael ei greu.-nl,,活动结束后，请务必在门票价格上添加税费。,
complete_your_profile_to_activate_your_account,Complete your profile to activate your account.,Complete your profile to activate your account.,Complétez votre profil pour activer votre compte.,Completa il tuo profilo per attivare il tuo account.,"Vervollständigen Sie Ihr Profil, um Ihr Konto zu aktivieren.",Maak uw profiel compleet om uw account te activeren.,Completa tu perfil para activar tu cuenta.,Cwblhewch eich proffil i actifadu eich cyfrif.-nl,,完成您的个人资料以激活您的帐户。,
languages_and_ranslations,Languages and Translations,Languages and Translations,Langues et traductions,Lingue e traduzioni,Sprachen und Übersetzungen,Talen en vertalingen,Idiomas y traducciones,Ieithoedd a Chyfieithiadau-nl,,语言和翻译,
default_language,Default Language,Default Language,Langue par défaut,Lingua predefinita,Standardsprache,Standaardtaal,Idioma predeterminado,Default Language-nl,,默认语言,
create_category,Create Category,Create Category,Créer une catégorie,Crea categoria,Kategorie erstellen,Categorie maken,Crear categoría,Creu Categori-nl,,创建类别,
create_event_category,Create Event Category,Create Event Category,Créer une catégorie d'événement,Crea categoria evento,Ereigniskategorie erstellen,Gebeurteniscategorie maken,Crear categoría de evento,Creu Categori Digwyddiad-nl,,创建事件类别,
are_you_sure_you_want_to_delete_list,"Are you sure, you want to delete list ","Are you sure, you want to delete list ",Etes-vous sûr de vouloir supprimer la liste,Sei sicuro di voler eliminare l'elenco?,"Sind Sie sicher, dass Sie die Liste löschen möchten?",Weet u zeker dat u de lijst wilt verwijderen?,¿Estás seguro de que deseas eliminar la lista?,"Ydych chi'n si≈µr, rydych chi am ddileu rhestr -nl",,您确定要删除列表吗,
create_new_memberships,Create New Memberships,Create New Memberships,Créer de nouvelles adhésions,Crea nuove iscrizioni,Neue Mitgliedschaften erstellen,Nieuwe lidmaatschappen aanmaken,Crear nuevas membresías,Creu Aelodaeth Newydd-nl,,创建新会员资格,
helpdesk_not_found,Helpdesk not found,Helpdesk not found,Service d'assistance introuvable,Helpdesk non trovato,Helpdesk nicht gefunden,Helpdesk niet gevonden,No se encontró el servicio de asistencia,Desg gymorth heb ei chanfod-nl,,找不到帮助台,
tickets_not_found,Tickets not found,Tickets not found,Billets non trouvés,Biglietti non trovati,Tickets nicht gefunden,Tickets niet gevonden,Entradas no encontradas,Tocynnau heb eu darganfod-nl,,未找到票证,
connecting_you_to_spacename,Connecting you to spaceName,Connecting you to spaceName,Vous connecter à l'espaceNom,Ti sto collegando a spaceName,Verbindet Sie mit spaceName,U verbinden met spaceName,Conectándote con spaceName,Yn eich cysylltu √¢ spaceName-nl,,将您连接到spaceName,
searching_for_helpdesks_at_spacename,Searching for helpdesks at spaceName,Searching for helpdesks at spaceName,Recherche de services d'assistance sur spaceName,Ricerca di helpdesk su spaceName,Suche nach Helpdesks bei spaceName,Helpdesks zoeken bij spaceName,Buscando servicios de asistencia en spaceName,Chwilio am ddesgiau cymorth yn spaceName-nl,,在 spaceName 中搜索帮助台,
there_are_no_helpdesks_available_at_spacename_right_nowplease,There are no helpdesks available at #spaceName right now.,There are no helpdesks available at #spaceName right now.,Il n'y a pas de service d'assistance disponible sur #spaceName pour le moment.,Al momento non ci sono helpdesk disponibili presso #spaceName.,Derzeit sind bei #spaceName keine Helpdesks verfügbar.,Er zijn momenteel geen helpdesks beschikbaar bij #spaceName.,No hay mesas de ayuda disponibles en #spaceName en este momento.,Does dim desgiau cymorth ar gael yn #spaceName ar hyn o bryd.-nl,,#spaceName 目前没有可用的帮助台。,
event_not_found,Event not found,Event not found,Événement non trouvé,Evento non trovato,Ereignis nicht gefunden,Gebeurtenis niet gevonden,Evento no encontrado,Digwyddiad heb ei ganfod-nl,,未找到事件,
get_lunch,Get Lunch,Get Lunch,Déjeuner,Prendi il pranzo,Mittagessen,Lunch halen,Conseguir el almuerzo,Cael Cinio-nl,,吃午餐,
hangouts_at_spacename,Hangouts at #spaceName,Hangouts at #spaceName,Hangouts à #spaceName,Hangouts a #spaceName,Hangouts unter #spaceName,Hangouts bij #spaceName,Hangouts en #spaceName,Hangouts yn #spaceName-nl,,在 #spaceName 上环聊,
joining_hangname,Joining #HangName,Joining #HangName,Rejoindre #HangName,Partecipazione a #HangName,#HangName beitreten,Deelnemen aan #HangName,Uniéndose a #HangName,Yn ymuno √¢ #HangName-nl,,加入#HangName,
you_are_hanging_out_at_spacename,You are hanging out at #spaceName.,You are hanging out at #spaceName.,Vous traînez à #spaceName.,Ti trovi a #spaceName.,Sie hängen bei #spaceName herum.,Je hangt rond bij #spaceName.,Estás pasando el rato en #spaceName.,Rydych chi'n hongian allan yn #spaceName.-nl,,您正在#spaceName 闲逛。,
hangouts_will_stop_when_you_leave_spacename,Hangouts will stop when you leave #spaceName.,Hangouts will stop when you leave #spaceName.,Les Hangouts s'arrêteront lorsque vous quitterez #spaceName.,Hangouts si interromperà quando lascerai #spaceName.,"Hangouts werden beendet, wenn Sie #spaceName verlassen.",Hangouts worden gestopt wanneer u #spaceName verlaat.,Los hangouts se detendrán cuando abandones #spaceName.,Bydd Hangouts yn stopio pan fyddwch yn gadael #spaceName.-nl,,当你离开#spaceName 时，环聊将停止。,
there_are_no_hangouts_available_at_spacename_right_now,There are no hangouts available at #spaceName right now.,There are no hangouts available at #spaceName right now.,Il n'y a pas de hangouts disponibles sur #spaceName pour le moment.,Al momento non ci sono Hangout disponibili su #spaceName.,Derzeit sind bei #spaceName keine Hangouts verfügbar.,Er zijn momenteel geen hangouts beschikbaar bij #spaceName.,No hay hangouts disponibles en #spaceName en este momento.,Does dim hangouts ar gael yn #spaceName ar hyn o bryd.-nl,,#spaceName 目前没有可用的聚会场所。,
hide_replies,Hide replies,Hide replies,Masquer les réponses,Nascondi le risposte,Antworten ausblenden,Verberg antwoorden,Ocultar respuestas,Cuddio atebion-nl,,隐藏回复,
add_reply,Add reply,Add reply,Ajouter une réponse,Aggiungi risposta,Antwort hinzufügen,Antwoord toevoegen,Añadir respuesta,Ychwanegu ateb-nl,,添加回复,
no_match_found,No Match Found,No Match Found,Aucune correspondance trouvée,Nessuna corrispondenza trovata,Keine Übereinstimmung gefunden,Geen overeenkomst gevonden,No se encontró ninguna coincidencia,No Match Found-nl,,未找到匹配项,
store_not_found,Store not found,Store not found,Magasin non trouvé,Negozio non trovato,Geschäft nicht gefunden,Winkel niet gevonden,Tienda no encontrada,Storio heb ei chanfod-nl,,未找到商店,
service_not_found,Service not found,Service not found,Service non trouvé,Servizio non trovato,Dienst nicht gefunden,Service niet gevonden,Servicio no encontrado,Gwasanaeth heb ei ddarganfod-nl,,未找到服务,
this_poll_and_surway,This poll and surway,This poll and surway,Ce sondage et cette enquête,Questo sondaggio e sondaggio,Diese Umfrage und Befragung,Deze peiling en surway,Esta encuesta y encuesta,Mae'r p√¥l hwn a surway-nl,,这次民意调查,
here_are_some_chat_groups_we_suggest_you_can_edit_this_anytime,You can edit this at anytime.,You can edit this at anytime.,Vous pouvez modifier ceci à tout moment.,Puoi modificarlo in qualsiasi momento.,Sie können dies jederzeit bearbeiten.,U kunt dit op elk gewenst moment bewerken.,Puedes editar esto en cualquier momento.,Dyma rai grwpiau sgwrsio rydyn ni'n eu hawgrymu Gallwch chi olygu hyn unrhyw bryd-nl,,您可以随时编辑它。,
"we_have_sent_an_email_to_verify_your_email
please_click_the_link_to_proceed_ahead","We have sent an email to verify your email
Please click the link to proceed ahead","We have sent an email to verify your email
Please click the link to proceed ahead","Nous vous avons envoyé un e-mail pour vérifier votre adresse e-mail.
Veuillez cliquer sur le lien pour continuer.","Ti abbiamo inviato un'email per verificare il tuo indirizzo email.
Clicca sul link per procedere.","Wir haben Ihnen eine E-Mail zur Bestätigung Ihrer E-Mail-Adresse gesendet. Klicken Sie auf den Link, um fortzufahren.","We hebben een e-mail gestuurd om uw e-mailadres te verifiëren.
Klik op de link om verder te gaan.",Hemos enviado un correo electrónico para verificar su correo electrónico. Haga clic en el enlace para continuar.,"Rydym wedi anfon e-bost i wirio eich e-bost
Cliciwch ar y ddolen i fynd ymlaen-nl",,我们已发送电子邮件以验证您的电子邮件，请点击链接继续,
"your_email_is_not_verified_please_check_your_email
open_inbox","Your email is not verified Please check your email
Open Inbox","Your email is not verified Please check your email
Open Inbox","Votre adresse e-mail n'est pas vérifiée. Veuillez la vérifier.
Ouvrir la boîte de réception","La tua email non è verificata. Controlla la tua email.
Apri Posta in arrivo","Ihre E-Mail-Adresse wurde nicht verifiziert. Bitte überprüfen Sie Ihre E-Mails.
Posteingang öffnen","Je e-mailadres is niet geverifieerd. Controleer je e-mail.
Open inbox.","Tu correo electrónico no está verificado. Por favor, revisa tu correo electrónico.
Abrir bandeja de entrada.","Nid yw eich e-bost wedi'i wirio Gwiriwch eich e-bost
Agor Mewnflwch-nl",,您的电子邮件尚未验证请检查您的电子邮件打开收件箱,
welcome_to_180_friends,Welcome to 180 Friends,Welcome to 180 Friends,Bienvenue chez 180 Friends,Benvenuti a 180 Friends,Willkommen bei 180 Friends,Welkom bij 180 Vrienden,Bienvenidos a 180 Amigos,Croeso i 180 o Gyfeillion-nl,,欢迎加入 180 Friends,
your_purchase_was_successful,Your Purchase was successful,Your Purchase was successful,Votre achat a réussi,Il tuo acquisto è andato a buon fine,Ihr Einkauf war erfolgreich,Uw aankoop is succesvol verlopen,Su compra fue exitosa,Bu eich Pryniant yn llwyddianus-nl,,您的购买已成功,
my_name_is,My name is,My name is,Mon nom est,Mi chiamo,Ich heiße,Mijn naam is,Mi nombre es,Fy enw i yw-nl,,我的名字是,
surname,Last Name,Surname,Nom de famille,Cognome,Nachname,Achternaam,Apellido,Cyfenw-nl,,姓,
choose_you_group,Choose you group,Choose you group,Choisissez votre groupe,Scegli il tuo gruppo,Wählen Sie Ihre Gruppe,Kies je groep,Elige tu grupo,Dewiswch chi gr≈µp-nl,,选择你的组,
company_name,Company name,Company name,Nom de l'entreprise,Nome dell'azienda,Name der Firma,Bedrijfsnaam,Nombre de empresa,Enw cwmni-nl,,公司名称,
my_title,My title,My title,Mon titre,Il mio titolo,Mein Titel,Mijn titel,Mi titulo,Fy nheitl-nl,,我的标题,
about_me,About me,About me,Sur moi,Su di me,Über mich,Over mij,Acerca de mí,Amdanaf fi-nl,,关于我,
remain_hidden_from_communities,Remain hidden from communities and chat groups which you join.,Remain hidden from communities and chat groups which you join.,Restez caché des communautés et des groupes de discussion que vous rejoignez.,Rimani nascosto alle community e ai gruppi di chat a cui ti unisci.,"Bleiben Sie vor Communities und Chatgruppen, denen Sie beitreten, verborgen.",Blijf verborgen voor de communities en chatgroepen waar je lid van wordt.,Permanezca oculto de las comunidades y grupos de chat a los que se una.,Arhoswch yn gudd rhag cymunedau a grwpiau sgwrsio rydych chi'n ymuno √¢ nhw.-nl,,对您加入的社区和聊天组保持隐藏。,
auto_translate,Auto-translate,Auto-translate,Traduction automatique,Traduzione automatica,Automatische Übersetzung,Automatisch vertalen,Traducir automáticamente,Awto-gyfieithu-nl,,自动翻译,
display_messages_and_posts,Display messages and posts in my default language automatically.,Display messages and posts in my default language automatically.,Afficher automatiquement les messages et les publications dans ma langue par défaut.,Visualizza automaticamente messaggi e post nella mia lingua predefinita.,Nachrichten und Beiträge automatisch in meiner Standardsprache anzeigen.,Berichten en posts automatisch in mijn standaardtaal weergeven.,Mostrar mensajes y publicaciones en mi idioma predeterminado automáticamente.,Arddangos negeseuon a phostiadau yn fy iaith ddiofyn yn awtomatig.-nl,,自动以我的默认语言显示消息和帖子。,
change_email_address,CHANGE EMAIL ADDRESS,CHANGE EMAIL ADDRESS,CHANGER D'ADRESSE E-MAIL,CAMBIA INDIRIZZO EMAIL,E-MAIL-ADRESSE ÄNDERN,E-MAILADRES WIJZIGEN,CAMBIAR DIRECCIÓN DE CORREO ELECTRÓNICO,NEWID CYFEIRIAD E-BOST-nl,,更改电子邮件地址,
link_your_account_to_a_new_email_address,Link your account to a new email address,Link your account to a new email address,Liez votre compte à une nouvelle adresse e-mail,Collega il tuo account a un nuovo indirizzo email,Verknüpfen Sie Ihr Konto mit einer neuen E-Mail-Adresse,Koppel uw account aan een nieuw e-mailadres,Vincula tu cuenta a una nueva dirección de correo electrónico,Cysylltwch eich cyfrif i gyfeiriad e-bost newydd-nl,,将您的帐户链接到新的电子邮件地址,
logout,Logout,Logout,Déconnexion,Esci,Ausloggen,Uitloggen,Cerrar sesión,LOGOUT-nl,,登出,
deactivate_your_profile_and_sign_out,Deactivate your profile and sign out of this device.,Deactivate your profile and sign out of this device.,Désactivez votre profil et déconnectez-vous de cet appareil.,Disattiva il tuo profilo ed esci da questo dispositivo.,Deaktivieren Sie Ihr Profil und melden Sie sich von diesem Gerät ab.,Deactiveer uw profiel en meld u af bij dit apparaat.,Desactiva tu perfil y cierra sesión en este dispositivo.,Analluogi eich proffil ac allgofnodi o'r ddyfais hon.-nl,,停用您的个人资料并退出此设备。,
my_interests,My Interests,My Interests,Mes intérêts,I miei interessi,Meine Interessen,Mijn interesses,Mis intereses,Fy Niddordebau-nl,,我的兴趣,
profile_photo,Profile photo,Profile photo,Photo de profil,Foto del profilo,Profilfoto,Profielfoto,Foto de perfil,Proffil llun-nl,,个人资料照片,
hidden_mode,Hidden Mode,Hidden Mode,Mode caché,Modalità nascosta,Versteckter Modus,Verborgen modus,Modo oculto,Modd Cudd-nl,,隐藏模式,
group,group,group,groupe,gruppo,Gruppe,groep,grupo,grwp-nl,,团体,
check_now,Check Now,Check Now,Vérifiez maintenant,Controlla ora,Jetzt prüfen,Controleer nu,Compruébalo ahora,Gwiriwch Nawr-nl,,立即检查,
number_of_bills,Number of Bills,Number of Bills,Nombre de factures,Numero di fatture,Anzahl der Rechnungen,Aantal rekeningen,Número de facturas,Nifer y Mesurau-nl,,账单数量,
number_of_paid_bills,Number of Paid Bills,Number of Paid Bills,Nombre de factures payées,Numero di fatture pagate,Anzahl der bezahlten Rechnungen,Aantal betaalde rekeningen,Número de facturas pagadas,Nifer y Mesurau Taledig-nl,,已付账单数量,
still_remaining_to_be_paid,Still remaining to be paid,Still remaining to be paid,Reste encore à payer,Resta ancora da pagare,Noch zu zahlen,Nog te betalen,Aún queda por pagar,Dal i'w dalu-nl,,仍有待付款,
long_press_for_multiple_payment,Long press for multiple payment,Long press for multiple payment,Appuyez longuement pour un paiement multiple,Pressione prolungata per pagamenti multipli,Langes Drücken für Mehrfachzahlung,Lang indrukken voor meervoudige betaling,Pulsación larga para pago múltiple,Gwasg hir am daliad lluosog-nl,,长按可进行多笔付款,
tour_menu,Tour Menu,Tour Menu,Menu de la visite,Menù del tour,Tour-Menü,Tourmenu,Menú del tour,Dewislen Taith-nl,,旅游菜单,
select_tour,SELECT TOUR,SELECT TOUR,SÉLECTIONNER UN TOUR,SELEZIONA TOUR,TOUR AUSWÄHLEN,SELECTEER TOUR,SELECCIONAR TOUR,DEWIS TAITH-nl,,选择旅游,
search_events_by_title,Search Events by Title,Search Events by Title,Rechercher des événements par titre,Cerca eventi per titolo,Suche nach Ereignissen nach Titel,Zoek evenementen op titel,Buscar eventos por título,Chwilio Digwyddiadau yn √¥l Teitl-nl,,按标题搜索活动,
explore_events_by_category,Explore Events by Category,Explore Events by Category,Explorer les événements par catégorie,Esplora gli eventi per categoria,Events nach Kategorie durchsuchen,Ontdek evenementen per categorie,Explorar eventos por categoría,Archwiliwch Ddigwyddiadau yn √¥l Categori-nl,,按类别浏览活动,
no_chats_have_been_created_yet,No chats have been created yet.,No chats have been created yet.,Aucun chat n'a encore été créé.,Non sono ancora state create chat.,Es wurden noch keine Chats erstellt.,Er zijn nog geen chats aangemaakt.,Aún no se han creado chats.,Nid oes unrhyw sgyrsiau wedi'u creu eto.-nl,,尚未创建聊天。,
date_and_time,Date and Time,Date and Time,Date et heure,Data e ora,Datum und Uhrzeit,Datum en tijd,Fecha y hora,Dyddiad ac Amser-nl,,日期和时间,
gallery,Gallery,Gallery,Galerie,Galleria,Galerie,Galerij,Galería,Oriel-nl,,画廊,
get_tickets,Get Tickets,Get Tickets,Achetez des billets,Ottieni i biglietti,Tickets kaufen,Koop tickets,Conseguir entradas,Cael Tocynnau-nl,,获取门票,
hosted_by,Hosted by,Hosted by,Hébergé par,Ospitato da,Gastgeber,Gehost door,Organizado por,Wedi ei gynnal gan-nl,,主办方,
order_date,Order Date,Order Date,Date de commande,Data dell'ordine,Bestelldatum,Besteldatum,Fecha del pedido,Gorchymyn Dyddiad-nl,,订单日期,
when,When,When,Quand,Quando,Wann,Wanneer,Cuando,Pan-nl,,什么时候,
any_date,Any Date,Any Date,N'importe quelle date,Qualsiasi data,Beliebiges Datum,Elke datum,Cualquier fecha,Unrhyw Dyddiad-nl,,任何日期,
where,Where,Where,Où,Dove,Wo,Waar,Dónde,Lle-nl,,在哪里,
see_more,See More,See More,Voir plus,Vedi altro,Mehr anzeigen,Meer zien,Ver más,Gwel Mwy-nl,,查看更多,
datetime,Date/Time,Date/Time,Date/Heure,Data/Ora,Datum/Uhrzeit,Datum/tijd,Fecha/Hora,Dyddiad/Amser-nl,,日期/时间,
event_filters,Event Filters,Event Filters,Filtres d'événements,Filtri evento,Ereignisfilter,Gebeurtenisfilters,Filtros de eventos,Hidlau Digwyddiad-nl,,事件过滤器,
apply,Apply,Apply,Appliquer,Fare domanda a,Anwenden,Toepassen,Aplicar,Cais-nl,,申请,
please_select_filter_value,Please select filter value,Please select filter value,Veuillez sélectionner la valeur du filtre,Seleziona il valore del filtro,Bitte wählen Sie einen Filterwert,Selecteer filterwaarde,Por favor seleccione el valor del filtro,Dewiswch hidlydd gwerth-nl,,请选择过滤值,
choose_date,Choose Date,Choose Date,Choisissez la date,Scegli la data,Datum auswählen,Kies datum,Elija fecha,Dewiswch Dyddiad-nl,,选择日期,
enter_your_information_to_claim_your_ticket,Enter your information to claim your ticket.,Enter your information to claim your ticket.,Entrez vos informations pour réclamer votre billet.,Inserisci i tuoi dati per richiedere il tuo biglietto.,"Geben Sie Ihre Daten ein, um Ihr Ticket zu beanspruchen.",Vul uw gegevens in om uw ticket te claimen.,Ingresa tus datos para reclamar tu boleto.,Rhowch eich gwybodaeth i hawlio eich tocyn.-nl,,输入您的信息来领取您的票。,
enter_your_billing_information,Enter your billing information.,Enter your billing information.,Entrez vos informations de facturation.,Inserisci i tuoi dati di fatturazione.,Geben Sie Ihre Rechnungsinformationen ein.,Vul uw factuurgegevens in.,Ingrese su información de facturación.,Rhowch eich gwybodaeth bilio.-nl,,输入您的账单信息。,
first_name,First Name,First Name,Prénom,Nome di battesimo,Vorname,Voornaam,Nombre de pila,Enw Cyntaf-nl,,名,
last_name,Last Name,Last Name,Nom de famille,Cognome,Nachname,Achternaam,Apellido,Enw olaf-nl,,姓,
mobile_number,Mobile Number,Mobile Number,Numéro de portable,Numero di cellulare,Handynummer,Mobiel nummer,Número de teléfono móvil,Rhif Symudol-nl,,手机号码,
postcode,Zipcode,PostCode,Code postal,Codice postale,Postleitzahl,Postcode,Código postal,C√¥d Post-nl,,邮政编码,
back,Back,Back,Dos,Indietro,Zurück,Rug,Atrás,Cefn-nl,,后退,
continue_to_checkout,Continue to checkout,Continue to checkout,Continuer vers la caisse,Continua alla cassa,Weiter zur Kasse,Ga door naar afrekenen,Continuar con el pago,Parhewch i ddesg dalu-nl,,继续结帐,
your_order_details,Your Order Details,Your Order Details,Détails de votre commande,Dettagli del tuo ordine,Ihre Bestelldetails,Uw bestelgegevens,Detalles de su pedido,Manylion Eich Archeb -nl,,您的订单详情,
sub_total,Sub Total,Sub Total,Sous-total,Subtotale,Zwischensumme,Subtotaal,Subtotal,Is-gyfanswm-nl,,小计,
total_amount,Total Amount,Total Amount,Montant total,Importo totale,Gesamtbetrag,Totaalbedrag,Importe total,Cyfanswm Swm-nl,,总金额,
all_available_slots,All Available Slots,All Available Slots,Tous les emplacements disponibles,Tutti gli slot disponibili,Alle verfügbaren Slots,Alle beschikbare slots,Todas las ranuras disponibles,Pob Slotiau Ar Gael-nl,,所有可用插槽,
choose_a_time,Choose a time,Choose a time,Choisissez une heure,Scegli un orario,Wählen Sie eine Zeit,Kies een tijd,Elige una hora,Dewiswch amser-nl,,选择时间,
see_less,See Less,See Less,Voir moins,Vedi meno,Weniger anzeigen,Minder weergeven,Ver menos,Gwel Llai-nl,,查看更少,
expired_event_on,Expired Event on,Expired Event on,Événement expiré le,Evento scaduto il,Abgelaufenes Ereignis am,Verlopen evenement op,Evento expirado el,Digwyddiad sydd wedi dod i ben ar-nl,,过期事件,
purchased,Purchased,Purchased,Acheté,Acquistato,Gekauft,Gekocht,Comprado,Prynwyd-nl,,购买,
at,at,at,à,A,bei,bij,en,yn-nl,,在,
add_to_calender,Add to Calendar,Add to Calendar,Ajouter au calendrier,Aggiungi al calendario,Zum Kalender hinzufügen,Toevoegen aan kalender,Añadir al calendario,Ychwanegu at Calender-nl,,添加到日历,
please_add_tickets,Please Add Tickets,Please Add Tickets,Veuillez ajouter des billets,Aggiungi i biglietti,Bitte Tickets hinzufügen,Voeg tickets toe,"Por favor, agregue entradas",Os gwelwch yn dda Ychwanegu Tocynnau-nl,,请添加票证,
if_you_have_an_account_login_to_see_updated_prices,"If you have an account, login to see updated prices?","If you have an account, login to see updated prices?","Si vous avez un compte, connectez-vous pour voir les prix mis à jour ?","Se hai un account, accedi per vedere i prezzi aggiornati?","Wenn Sie ein Konto haben, melden Sie sich an, um die aktualisierten Preise anzuzeigen.","Als u een account heeft, kunt u inloggen om de actuele prijzen te zien.","Si tienes una cuenta, ¿iniciar sesión para ver los precios actualizados?","Os oes gennych gyfrif, mewngofnodwch i weld prisiau wedi'u diweddaru?-nl",,如果您有帐户，请登录查看更新后的价格？,
login,Login,Login,Se connecter,Login,Login,Login,Acceso,Mewngofnodi-nl,,登录,
please_choose_a_ticket_type_to_continue,Please choose a ticket type to continue.,Please choose a ticket type to continue.,Veuillez choisir un type de billet pour continuer.,Seleziona un tipo di biglietto per continuare.,"Bitte wählen Sie eine Ticketart, um fortzufahren.",Kies een tickettype om verder te gaan.,Seleccione un tipo de ticket para continuar.,Dewiswch fath o docyn i barhau.-nl,,请选择票证类型以继续。,
please_enter_email_address,Please enter email address,Please enter email address,Veuillez saisir votre adresse e-mail,Inserisci l'indirizzo email,Bitte geben Sie die E-Mail-Adresse ein,Voer uw e-mailadres in,"Por favor, introduzca su dirección de correo electrónico",Rhowch gyfeiriad e-bost-nl,,请输入电子邮件地址,
please_enter_valid_email_address,Please enter valid email address,Please enter valid email address,Veuillez saisir une adresse e-mail valide,Inserisci un indirizzo email valido,Bitte geben Sie eine gültige E-Mail-Adresse ein,Voer een geldig e-mailadres in,"Por favor, introduzca una dirección de correo electrónico válida",Rhowch gyfeiriad e-bost dilys-nl,,请输入有效的电子邮件地址,
please_enter_first_name,Please enter first name,Please enter first name,Veuillez entrer le prénom,Inserisci il nome,Bitte geben Sie den Vornamen ein,Vul uw voornaam in,"Por favor, introduzca su nombre",Rhowch enw cyntaf-nl,,请输入名字,
first_name_should_contain_more_than_3_characters,First name should contain more than 3 characters,First name should contain more than 3 characters,Le prénom doit contenir plus de 3 caractères,Il nome deve contenere più di 3 caratteri,Der Vorname sollte mehr als 3 Zeichen enthalten,De voornaam moet meer dan 3 tekens bevatten,El nombre debe contener más de 3 caracteres,Dylai enw cyntaf gynnwys mwy na 3 nod-nl,,名字应包含 3 个以上的字符,
please_enter_last_name,Please enter last name,Please enter last name,Veuillez entrer le nom de famille,Inserisci il cognome,Bitte geben Sie den Nachnamen ein,Vul uw achternaam in,"Por favor, introduzca su apellido",Rhowch enw olaf-nl,,请输入姓氏,
last_name_should_contain_more_than_3_characters,Last name should contain more than 3 characters,Last name should contain more than 3 characters,Le nom de famille doit contenir plus de 3 caractères,Il cognome deve contenere più di 3 caratteri,Der Nachname sollte mehr als 3 Zeichen enthalten,De achternaam moet meer dan 3 tekens bevatten,El apellido debe contener más de 3 caracteres,Dylai enw olaf gynnwys mwy na 3 nod-nl,,姓氏应包含 3 个以上的字符,
please_accept_term_of_service,Please accept term of service,Please accept term of service,Veuillez accepter les conditions d'utilisation,Si prega di accettare i termini di servizio,Bitte akzeptieren Sie die Servicebedingungen,Accepteer de servicevoorwaarden,Por favor acepte los términos del servicio,Derbyniwch dymor gwasanaeth-nl,,请接受服务条款,
please_accept_private_policy,Please accept private policy,Please accept private policy,Veuillez accepter la politique de confidentialité,Si prega di accettare l'informativa sulla privacy,Bitte akzeptieren Sie die Datenschutzbestimmungen,Accepteer het privacybeleid,Por favor acepte la política de privacidad,Derbyniwch bolisi preifat-nl,,请接受隐私政策,
ticket_available_on,ticket available on,ticket available on,billet disponible sur,biglietto disponibile su,Ticket erhältlich am,ticket beschikbaar op,boleto disponible en,tocyn ar gael ar-nl,,门票可在,
free_ticket_available_on,free ticket available on,free ticket available on,billet gratuit disponible sur,biglietto gratuito disponibile su,Kostenloses Ticket erhältlich auf,gratis ticket beschikbaar op,Entrada gratuita disponible en,tocyn am ddim ar gael ar-nl,,免费门票可在,
slot_dates,Slot dates,Slot dates,Dates des créneaux horaires,Date degli slot,Slot-Daten,Slotdata,Fechas de las franjas horarias,Dyddiadau slot-nl,,档期日期,
up_to,up to,up to,jusqu'à,fino a,bis zu,tot,arriba a,hyd at-nl,,最多,
ticket,ticket,ticket,billet,biglietto,Ticket,ticket,boleto,tocyn-nl,,票,
ticket_type,Ticket Type,Ticket Type,Type de billet,Tipo di biglietto,Ticketart,Tickettype,Tipo de billete,Math Tocyn-nl,,票种,
payment_dialog,Payment Dialog,Payment Dialog,Dialogue de paiement,Dialogo di pagamento,Zahlungsdialog,Betalingsdialoog,Diálogo de pago,Ymgom Talu-nl,,付款对话框,
replies_disabled,Replies disabled,Replies disabled,Réponses désactivées,Risposte disabilitate,Antworten deaktiviert,Reacties uitgeschakeld,Respuestas deshabilitadas,Atebion disabled-nl,,已禁用回复,
at,At,At,À,A,Bei,Bij,En,At-nl,,在,
test,test,test,test,test,prüfen,test,prueba,prawf-nl,,测试,
an_error_occurred,An error occurred,An error occurred,Une erreur s'est produite,Si è verificato un errore,Ein Fehler ist aufgetreten,Er is een fout opgetreden,Se produjo un error,Digwyddodd gwall-nl,,发生错误,
gif_is_still_loading,GIF is still loading,GIF is still loading,Le GIF est toujours en cours de chargement,La GIF è ancora in fase di caricamento,GIF wird noch geladen,GIF wordt nog geladen,El GIF todavía se está cargando,Mae GIF yn dal i lwytho-nl,,GIF 仍在加载,
answer,Answer,Answer,Répondre,Risposta,Antwort,Antwoord,Respuesta,Ateb-nl,,回答,
connecting_you_to_spacename,Connecting you to #spaceName...,Connecting you to #spaceName...,Je vous connecte à #spaceName...,Ti sto collegando a #spaceName...,Verbinde Sie mit #spaceName …,U wordt verbonden met #spaceName...,Conectándote a #spaceName...,Yn eich cysylltu √¢ #spaceName...-nl,,将您连接到#spaceName...,
searching_for_helpdesks_at_spacename,Searching for helpdesks at #spaceName.,Searching for helpdesks at #spaceName.,Recherche de services d'assistance sur #spaceName.,Ricerca helpdesk su #spaceName.,Suche nach Helpdesks unter #spaceName.,Helpdesks gezocht op #spaceName.,Buscando mesas de ayuda en #spaceName.,Chwilio am ddesgiau cymorth yn #spaceName.-nl,,正在#spaceName 搜索帮助台。,
see_people,See People,See People,Voir les gens,Vedi persone,Personen anzeigen,Mensen zien,Ver gente,Gwel Pobl-nl,,见人,
posts_feed,Posts Feed,Posts Feed,Flux de publications,Feed dei post,Beiträge-Feed,Berichtenfeed,Feed de publicaciones,Posts Feed-nl,,帖子动态,
_reply,üí¨ Reply,üí¨ Reply,üí¨ Réponse,üí¨ Rispondi,üí¨ Antworten,üí¨ Antwoord,üí¨ Responder,üí¨ Ateb-nl,,回复,
camera,Camera,Camera,Caméra,Telecamera,Kamera,Camera,Cámara,Camera-nl,,相机,
interested_related_to_this_group,Interested related to this group,Interested related to this group,Intéressé par ce groupe,Interessato a questo gruppo,Interessierte im Zusammenhang mit dieser Gruppe,Geïnteresseerd in deze groep,Interesados ​​relacionados con este grupo,Diddordeb yn ymwneud √¢'r gr≈µp hwn-nl,,对此小组感兴趣,
join_chat_group,Join Chat Group,Join Chat Group,Rejoindre le groupe de discussion,Unisciti al gruppo di chat,Chatgruppe beitreten,Word lid van de chatgroep,Unirse al grupo de chat,Ymunwch √¢ Chat Group-nl,,加入聊天组,
9_-_small,9' - Small,9' - Small,9' - Petit,9' - Piccolo,9' - Klein,9' - Klein,9' - Pequeño,9' - Bach-nl,,9' - 小,
pepperoni_pizza,Pepperoni Pizza,Pepperoni Pizza,Pizza au pepperoni,Pizza al salame piccante,Peperoni-Pizza,Pepperoni Pizza,Pizza de pepperoni,Pepperoni Pizza-nl,,意大利辣香肠披萨,
claim,Claim,Claim,Réclamer,Reclamo,Beanspruchen,Claim,Afirmar,Hawl-nl,,宣称,
at_this_moment_there_is_no_membership_available,At this moment there is no membership available,At this moment there is no membership available,"Pour le moment, aucune adhésion n'est disponible",Al momento non ci sono abbonamenti disponibili,Zurzeit ist keine Mitgliedschaft verfügbar,Op dit moment is er geen lidmaatschap beschikbaar,En este momento no hay membresías disponibles,Ar hyn o bryd nid oes aelodaeth ar gael-nl,,目前没有可用的会员资格,
2_description,2. Description,2. Description,2. Description,2. Descrizione,2. Beschreibung,2. Beschrijving,2. Descripción,2. Disgrifiad-nl,,2. 描述,
2_location,2. Location,2. Location,2. Emplacement,2. Posizione,2. Standort,2. Locatie,2. Ubicación,2. Lleoliad-nl,,2. 地点,
network_error,Network Error,Network Error,Erreur réseau,Errore di rete,Netzwerkfehler,Netwerkfout,Error de red,Gwall Rhwydwaith-nl,,网络错误,
title_,Title*,Title*,Titre*,Titolo*,Titel*,Titel*,Título*,Teitl*-nl,,标题*,
rent,Rent,Rent,Louer,Affitto,Mieten,Huur,Alquilar,Rhent-nl,,租,
fess,Fees ???,Fess,Fasce,Fess,Fess,Fess,Faja,Fess-nl,,费斯,
payment_category,Payment category,Payment category,Catégorie de paiement,Categoria di pagamento,Zahlungskategorie,Betalingscategorie,Categoría de pago,Categori talu-nl,,付款类别,
should_contain_more_than_three,should contain more than 3 characters,should contain more than 3 characters,doit contenir plus de 3 caractères,dovrebbe contenere più di 3 caratteri,sollte mehr als 3 Zeichen enthalten,moet meer dan 3 tekens bevatten,debe contener más de 3 caracteres,dylai gynnwys mwy na 3 nod-nl,,应包含 3 个以上字符,
expired,Expired,Expired,Expiré,Scaduto,Abgelaufen,Verlopen,Venció,Wedi dod i ben-nl,,已到期,
the_email_you_have_entered_is_blocked_by_admin,The email you have entered is blocked by admin,The email you have entered is blocked by admin,L'e-mail que vous avez saisi est bloqué par l'administrateur,L'email che hai inserito è bloccata dall'amministratore,Die von Ihnen eingegebene E-Mail wird vom Administrator blockiert,"Het e-mailadres dat u hebt ingevoerd, is geblokkeerd door de beheerder",El correo electrónico que has ingresado está bloqueado por el administrador.,Mae'r e-bost rydych chi wedi'i nodi wedi'i rwystro gan admin-nl,,您输入的邮箱已被管理员屏蔽,
we_have_sent_an_email_to_verify_your_email_please_click_the_link_to_proceed_ahead,We have sent an email to verify your email. Please click the link to proceed ahead.,We have sent an email to verify your email. Please click the link to proceed ahead.,Nous vous avons envoyé un e-mail pour vérifier votre adresse e-mail. Veuillez cliquer sur le lien pour continuer.,Ti abbiamo inviato un'email per verificare il tuo indirizzo email. Clicca sul link per procedere.,"Wir haben Ihnen eine E-Mail zur Bestätigung Ihrer E-Mail-Adresse gesendet. Klicken Sie auf den Link, um fortzufahren.",We hebben een e-mail gestuurd om uw e-mailadres te verifiëren. Klik op de link om verder te gaan.,Hemos enviado un correo electrónico para verificar su correo electrónico. Haga clic en el enlace para continuar.,Rydym wedi anfon e-bost i wirio eich e-bost. Cliciwch ar y ddolen i fynd ymlaen.-nl,,我们已发送电子邮件以验证您的邮箱。请点击链接继续操作。,
your_email_is_not_verified_please_check_your_email,Your email is not verified. Please check your email.,Your email is not verified. Please check your email.,Votre adresse e-mail n'est pas vérifiée. Veuillez la vérifier.,Il tuo indirizzo email non è verificato. Controlla la tua email.,Ihre E-Mail wurde nicht bestätigt. Bitte überprüfen Sie Ihre E-Mail.,Je e-mailadres is niet geverifieerd. Controleer je e-mailadres.,"Tu correo electrónico no está verificado. Por favor, revisa tu correo electrónico.",Nid yw eich e-bost wedi'i wirio. Gwiriwch eich e-bost.-nl,,您的邮箱尚未验证。请检查您的邮箱。,
open_inbox,Open Inbox,Open Inbox,Ouvrir la boîte de réception,Apri Posta in arrivo,Posteingang öffnen,Open Postvak IN,Abrir bandeja de entrada,Agor Mewnflwch-nl,,打开收件箱,
select_date,Select Date,Select Date,Sélectionnez la date,Seleziona la data,Datum auswählen,Selecteer datum,Seleccionar fecha,Dewiswch Dyddiad-nl,,选择日期,
enter_name,Enter name,Enter name,Entrez le nom,Inserisci il nome,Namen eingeben,Voer naam in,Introducir nombre,Rhowch enw-nl,,输入姓名,
you_must_select_your,You must select your,You must select your,Vous devez sélectionner votre,Devi selezionare il tuo,Sie müssen Ihre,U moet uw,Debes seleccionar tu,Rhaid i chi ddewis eich-nl,,您必须选择您的,
hey_im_name_surname_ive_just_joined___appname___at_location,"Hey I'm @NAME@ @SURNAME@! I've just joined "" + appName + "" at @LOCATION","Hey I'm @NAME@ @SURNAME@! I've just joined "" + appName + "" at @LOCATION","Salut, je suis @NAME@ @SURNAME@ ! Je viens de rejoindre « + appName + » à @LOCATION.","Ciao, sono @NOME@ @COGNOME@! Mi sono appena iscritto a "" + appName + "" presso @LOCATION","Hey, ich bin @NAME@ @SURNAME@! Ich bin gerade bei "" + appName + "" bei @LOCATION eingestiegen","Hallo, ik ben @NAAM@ @ACHTERNAAM@! Ik ben net lid geworden van "" + appNaam + "" bij @LOCATIE","Hola, soy @NOMBRE@ @APELLIDO@. Acabo de unirme a "" + Nombre de la aplicación + "" en @UBICACIÓN","Hei, @NAME@SURNAME@ ydw i! Dwi newydd ymuno "" + appName + "" yn @LOCATION-nl",,嘿，我是 @NAME@ @SURNAME@！我刚刚加入了 @LOCATION 的“+ appName +”,
please_enter_your_companyname_exactly,Please enter your @CompanyName@ exactly.,Please enter your @CompanyName@ exactly.,Veuillez saisir exactement votre @CompanyName@.,Inserisci esattamente il tuo @CompanyName@.,Bitte geben Sie Ihren @Firmennamen@ genau ein.,Voer uw @Bedrijfsnaam@ exact in.,Por favor ingrese su @CompanyName@ exactamente.,Rhowch eich @CompanyName@ yn union.-nl,,请准确输入您的@CompanyName@。,
add_comment,Add comment,Add comment,Ajouter un commentaire,Aggiungi commento,Einen Kommentar hinzufügen,Reactie toevoegen,Añadir comentario,Ychwanegu sylw-nl,,添加评论,
1_replay,1 Replay,1 Replay,1 Replay,1 ripetizione,1 Wiederholung,1 Herhaling,1 repetición,1 Ailchwarae-nl,,次重播,
we_hope_everyone_enjoyed_the_botanical_boys_terrarium_workshop_today,We hope everyone enjoyed the Botanical Boys Terrarium workshop today!,We hope everyone enjoyed the Botanical Boys Terrarium workshop today!,Nous espérons que tout le monde a apprécié l’atelier Terrarium de Botanical Boys aujourd’hui !,Ci auguriamo che il workshop Botanical Boys Terrarium di oggi si sia divertito a tutti!,"Wir hoffen, dass allen der heutige Botanical Boys Terrarium-Workshop gefallen hat!",Wij hopen dat iedereen vandaag heeft genoten van de Botanical Boys Terrarium workshop!,¡Esperamos que todos hayan disfrutado hoy del taller de Terrario Botanical Boys!,Gobeithio bod pawb wedi mwynhau gweithdy Botanical Boys Terrarium heddiw!-nl,,我们希望大家喜欢今天的植物男孩玻璃容器花房研讨会！,
top_floor_and_library_bar,Top Floor and Library Bar,Top Floor and Library Bar,Bar du dernier étage et de la bibliothèque,Bar all'ultimo piano e biblioteca,Obergeschoss und Bibliotheksbar,Bovenste verdieping en bibliotheekbar,Piso superior y bar de la biblioteca,Llawr Uchaf a Llyfrgell Bar-nl,,顶楼和图书馆酒吧,
capacities_range_from_10_to_350_people_thirteen_rooms_that_can_be_hired_individually_or_together_as_a_takeover,"Capacities range from 10 to 350 people, thirteen rooms that can be hired individually or together as a takeover","Capacities range from 10 to 350 people, thirteen rooms that can be hired individually or together as a takeover","Les capacités varient de 10 à 350 personnes, treize salles pouvant être louées individuellement ou ensemble en reprise","La capienza varia da 10 a 350 persone, tredici sale che possono essere affittate singolarmente o insieme come takeover","Kapazitäten von 10 bis 350 Personen, dreizehn Räume, die einzeln oder zusammen als Übernahme gemietet werden können","De capaciteit varieert van 10 tot 350 personen, dertien zalen die afzonderlijk of samen als overname gehuurd kunnen worden","Las capacidades van desde 10 hasta 350 personas, trece salas que se pueden alquilar individualmente o en conjunto como takeover.","Mae'r lleoedd yn amrywio o 10 i 350 o bobl, tair ystafell ar ddeg y gellir eu llogi'n unigol neu gyda'i gilydd i gymryd drosodd-nl",,可容纳人数从 10 人到 350 人不等，十三间房间可单独租用或一起租用,
book_space,Book Space,Book Space,Espace Livre,Spazio libro,Platz buchen,Boekruimte,Espacio del libro,Book Space-nl,,图书空间,
search_exhibitions_by_title,Search exhibitions by Title,Search exhibitions by Title,Rechercher des expositions par titre,Cerca le mostre per titolo,Ausstellungen nach Titel suchen,Zoek tentoonstellingen op titel,Buscar exposiciones por título,Chwilio arddangosfeydd yn √¥l Title-nl,,按标题搜索展览,
capacity_40_seated_80_standing,"Capacity: 40 seated, 80 standing","Capacity: 40 seated, 80 standing","Capacité : 40 places assises, 80 debout","Capienza: 40 seduti, 80 in piedi","Kapazität: 40 Sitzplätze, 80 Stehplätze","Capaciteit: 40 zitplaatsen, 80 staanplaatsen","Capacidad: 40 sentados, 80 de pie","Cynhwysedd: 40 yn eistedd, 80 yn sefyll-nl",,容量：40 个座位，80 个站位,
members_only,Members only,Members only,Réservé aux membres,Solo per i membri,Nur für Mitglieder,Alleen voor leden,Sólo miembros,Aelodau yn unig-nl,,仅限会员,
booked_at_1200_am_20_jan_2021,"Booked At 12:00 AM, 20 Jan 2021","Booked At 12:00 AM, 20 Jan 2021","Réservé à 00h00, le 20 janvier 2021",Prenotato alle 00:00 del 20 gennaio 2021,"Gebucht um 00:00 Uhr, 20. Januar 2021","Geboekt om 00:00 uur, 20 januari 2021","Reservado a las 00:00, 20 de enero de 2021","Wedi'i archebu Am 12:00 AM, 20 Ionawr 2021-nl",,预订于 2021 年 1 月 20 日 凌晨 12:00,
visit_website,Visit Website,Visit Website,Visitez le site Web,Visita il sito web,Website besuchen,Bezoek website,Visita el sitio web,Ewch i WebSite-nl,,访问网站,
please_enter_name,Please enter name,Please enter name,Veuillez entrer le nom,Inserisci il nome,Bitte geben Sie den Namen ein,Voer uw naam in,"Por favor, introduzca el nombre",Rhowch enw-nl,,请输入姓名,
add_to_wallet,Add to Wallet,Add to Wallet,Ajouter au portefeuille,Aggiungi al portafoglio,Zum Wallet hinzufügen,Toevoegen aan portemonnee,Añadir a la billetera,Ychwanegu at Wallet-nl,,添加到钱包,
frequently_used,Frequently Used,Frequently Used,Fréquemment utilisé,Usato frequentemente,Häufig verwendet,Vaak gebruikt,De uso frecuente,Defnyddir yn Aml-nl,,常用,
smileys_&_emotion,Smileys & Emotion,Smileys & Emotion,Smileys et émotions,Emozioni e sorrisi,Smileys & Emotionen,Smileys en emoties,Emoticonos y emociones,Smileys & Emotion-nl,,笑脸和情感,
people_&_body,People & Body,People & Body,Les gens et le corps,Persone e corpo,Mensch & Körper,Mensen & Lichaam,Personas y cuerpo,Pobl a Chorff-nl,,人与身体,
animals_&_nature,Animals & Nature,Animals & Nature,Animaux et nature,Animali e natura,Tiere & Natur,Dieren & Natuur,Animales y naturaleza,Anifeiliaid a Natur-nl,,动物与自然,
food_&_drink,Food & Drink,Food & Drink,Nourriture et boissons,Cibo e bevande,Speisen & Getränke,Eten & Drinken,Comida y bebida,Bwyd a Diod-nl,,餐饮,
travel_&_places,Travel & Places,Travel & Places,Voyages et lieux,Viaggi e luoghi,Reisen & Orte,Reizen & Plaatsen,Viajes y lugares,Teithio a Lleoedd-nl,,旅行与地点,
activities,Activities,Activities,Activités,Attività,Aktivitäten,Activiteiten,Actividades,Gweithgareddau-nl,,活动,
objects,Objects,Objects,Objets,Oggetti,Objekte,Objecten,Objetos,Gwrthrychau-nl,,对象,
symbols,Symbols,Symbols,Symboles,Simboli,Symbole,Symbolen,Símbolos,Symbolau-nl,,符号,
flags,Flags,Flags,Drapeaux,Bandiere,Flaggen,Vlaggen,Banderas,Baneri-nl,,旗帜,
unpin,UnPin,UnPin,Détacher,Rimuovi pin,Lösen der Pinnwand,Losmaken,Desprender,UnPin-nl,,取消固定,
pin,Pin,Pin,Épingle,Spillo,Stift,Pin,Alfiler,Pin-nl,,别针,
send_message,Send Message,Send Message,Envoyer un message,Invia messaggio,Nachricht senden,Bericht verzenden,Enviar mensaje,Anfon Neges-nl,,发送消息,
hide_post,Hide Post,Hide Post,Masquer la publication,Nascondi post,Beitrag ausblenden,Bericht verbergen,Ocultar publicación,Cuddio Post-nl,,隐藏帖子,
see_all_users,See All Users,See All Users,Voir tous les utilisateurs,Vedi tutti gli utenti,Alle Benutzer anzeigen,Bekijk alle gebruikers,Ver todos los usuarios,Gweler Pob Defnyddiwr-nl,,查看所有用户,
edit_profile,Edit Profile,Edit Profile,Modifier le profil,Modifica profilo,Profil bearbeiten,Profiel bewerken,Editar perfil,Golygu Proffil-nl,,编辑个人资料,
messages,Messages,Messages,Messages,Messaggi,Nachrichten,Berichten,Mensajes,Negeseuon-nl,,消息,
updates,Updates,Updates,Mises à jour,Aggiornamenti,Aktualisierungen,Updates,Actualizaciones,Diweddariadau-nl,,更新,
feed,Feed,Feed,Alimentation,Foraggio,Füttern,Voer,Alimentar,Ymborth-nl,,喂养,
story,Story,Story,Histoire,Storia,Geschichte,Verhaal,Historia,Stori-nl,,故事,
staff_post,Staff Post,Staff Post,Poste du personnel,Posto di personale,Mitarbeiterposten,Personeelspost,Puesto de personal,Staff Post-nl,,职员岗位,
leave_community,Leave Community,Leave Community,Quitter la communauté,Lascia la comunità,Community verlassen,Verlaat de gemeenschap,Salir de la comunidad,Gadael Cymuned-nl,,离开社区,
mute,Mute,Mute,Muet,Muto,Stumm,Stom,Silenciar,Mud-nl,,沉默的,
un_mute,Un Mute,Un Mute,Un Mute,Non muto,Stummschalten,Un Mute,Desactivar el silencio,Un Mute-nl,,不静音,
broadcast,Broadcast,Broadcast,Diffuser,Trasmissione,Übertragen,Uitzending,Transmisión,Darllediad-nl,,播送,
search_membership_by_title,Search Membership by title,Search Membership by title,Rechercher une adhésion par titre,Cerca l'iscrizione per titolo,Mitgliedschaft nach Titel suchen,Zoek lidmaatschap op titel,Buscar membresía por título,Chwilio Aelodaeth yn √¥l teitl-nl,,按头衔搜索会员资格,
search_payment_by_tenant,Search Payment by tenant,Search Payment by tenant,Rechercher Paiement par locataire,Cerca Pagamento per inquilino,Suche Zahlung durch Mieter,Zoeken Betaling door huurder,Buscar Pago por inquilino,Chwilio Taliad gan tenant-nl,,按租户搜索付款方式,
select_or_drop_legal_documents_should_be_prompted_to_accept_open_purchasing_this,Select or drop legal documents should be prompted to accept open purchasing this,Select or drop legal documents should be prompted to accept open purchasing this,Sélectionner ou supprimer des documents juridiques doit être invité à accepter l'achat ouvert de ceci,Seleziona o elimina i documenti legali che dovrebbero essere richiesti per accettare l'acquisto aperto di questo,"Wählen Sie oder legen Sie juristische Dokumente sollten aufgefordert werden, akzeptieren offenen Kauf dieses","Selecteer of verwijder juridische documenten, u moet worden gevraagd om de open aankoop hiervan te accepteren",Seleccionar o soltar documentos legales debe ser solicitado para aceptar la compra abierta de este,Dylid annog dewis neu ollwng dogfennau cyfreithiol i dderbyn pryniant agored this-nl,,选择或删除法律文件应提示接受公开购买此,
loading_error_data_from_api,Loading Error data from API,Loading Error data from API,Chargement des données d'erreur depuis l'API,Caricamento dei dati di errore dall'API,Fehlerdaten werden von der API geladen,Foutgegevens laden vanuit API,Error de carga de datos desde la API,Wrthi'n llwytho data Gwall o API-nl,,从 API 加载错误数据,
yesterday,Yesterday,Yesterday,Hier,Ieri,Gestern,Gisteren,Ayer,Ddoe-nl,,昨天,
loading_data_from_api,Loading data from API,Loading data from API,Chargement des données depuis l'API,Caricamento dei dati dall'API,Laden von Daten aus der API,Gegevens laden vanuit API,Cargando datos desde la API,Wrthi'n llwytho data o API-nl,,从 API 加载数据,
tomorrow,Tomorrow,Tomorrow,Demain,Domani,Morgen,Morgen,Mañana,Yfory-nl,,明天,
new,New,New,Nouveau,Nuovo,Neu,Nieuw,Nuevo,Newydd-nl,,新的,
older,Older,Older,Plus vieux,Più vecchio,Älter,Ouder,Más viejo,Hynach-nl,,较旧,
join_the_digital_queue_and_well_alert_you_when_you_can_enter,Join the digital line/wait and we'll alert you when you can enter.,Join the digital queue and we'll alert you when you can enter.,Rejoignez la file d'attente numérique et nous vous avertirons lorsque vous pourrez entrer.,Unisciti alla coda digitale e ti avviseremo quando potrai entrare.,"Stellen Sie sich in die digitale Warteschlange und wir benachrichtigen Sie, wenn Sie eintreten können.","Sluit aan in de digitale wachtrij, dan laten we u weten wanneer u naar binnen kunt.",Únete a la cola digital y te avisaremos cuando puedas entrar.,Ymunwch √¢'r ciw digidol a byddwn yn eich rhybuddio pryd y gallwch enter.-nl,,加入数字队列，当您可以进入时我们会通知您。,
estimated_current_wait_time,Estimated current wait time,Estimated current wait time,Temps d'attente actuel estimé,Tempo di attesa attuale stimato,Geschätzte aktuelle Wartezeit,Geschatte huidige wachttijd,Tiempo de espera actual estimado,Amcangyfrif o'r amser aros cyfredol-nl,,预计当前等待时间,
join_queue,Join the wait,Join Queue,Rejoindre la file d'attente,Unisciti alla coda,Warteschlange beitreten,Sluit je aan bij de wachtrij,Unirse a la cola,Ymunwch √¢ Ciw-nl,,加入队列,
youre_in_the_queue,You're in line!,You're in the queue!,Vous êtes dans la file d'attente !,Sei in coda!,Sie stehen in der Warteschlange!,Je staat in de rij!,¡Estás en la cola!,Rydych chi yn y ciw!-nl,,您已加入队列！,
time_remaining,Time remaining,Time remaining,Temps restant,Tempo rimanente,Verbleibende Zeit,Resterende tijd,Tiempo restante,Amser yn weddill-nl,,剩余时间,
leave_queue,Leave the line,Leave Queue,Quitter la file d'attente,Lascia la coda,Warteschlange verlassen,Wachtrij verlaten,Salir de la cola,Gadael Ciw-nl,,离开队列,
scheduled_entrace_slot,Scheduled entrace slot,Scheduled entrace slot,Créneau d'entrée prévu,Fascia oraria di ingresso programmata,Geplanter Einlass,Geplande intredetijd,Franja de entrada programada,Slot-nl mynediad wedi'i drefnu,,预定入场时段,
digital_queue,Digital Line,Digital Queue,File d'attente numérique,Coda digitale,Digitale Warteschlange,Digitale wachtrij,Cola digital,Ciw Digidol-nl,,数字队列,
enabled,Enabled,Enabled,Activé,Abilitato,Ermöglicht,Ingeschakeld,Activado,Galluog-nl,,已启用,
disabled,Disabled,Disabled,Désactivé,Disabili,Deaktiviert,Gehandicapt,Desactivado,Anabl-nl,,已禁用,
actual_queue_time,Actual wait time,Actual Queue Time,Temps d'attente réel,Tempo di coda effettivo,Tatsächliche Wartezeit,Werkelijke wachtrijtijd,Tiempo real de espera,Gwir Amser Ciw-nl,,实际排队时间,
queue_capacity,Wait capacity,Queue Capacity,Capacité de la file d'attente,Capacità della coda,Warteschlangenkapazität,Wachtrijcapaciteit,Capacidad de la cola,Gallu Ciw-nl,,队列容量,
the_digital_queue_allows_75_visitors_to_enter_the_palace_every_15_minutes._joiners_to_the_queue_wait_atleast_1_hour_before_being_assign_a_slot._the_digital_queue_is_enabled_so_new_visitors_can_join._live_wait_time_is_1_hour_30_minutes.,The digital queue allows 75 visitors to enter the palace every 15 minutes. Joiners to the queue wait atleast 1 hour before being assign a slot. The digital queue is enabled so new visitors can join. Live wait time is 1 hour 30 minutes.,The digital queue allows 75 visitors to enter the palace every 15 minutes. Joiners to the queue wait atleast 1 hour before being assign a slot. The digital queue is enabled so new visitors can join. Live wait time is 1 hour 30 minutes.,La file d'attente numérique permet à 75 visiteurs d'entrer au palais toutes les 15 minutes. Les nouveaux arrivants doivent patienter au moins une heure avant d'être assignés à un créneau. La file d'attente numérique est activée pour permettre aux nouveaux visiteurs de s'inscrire. Le temps d'attente en direct est de 1 heure 30 minutes.,La coda digitale consente l'accesso al palazzo a 75 visitatori ogni 15 minuti. Chi si aggiunge alla coda attende almeno 1 ora prima di poter accedere al proprio posto. La coda digitale è abilitata per consentire l'accesso a nuovi visitatori. Il tempo di attesa in tempo reale è di 1 ora e 30 minuti.,"Die digitale Warteschlange ermöglicht 75 Besuchern alle 15 Minuten den Zutritt zum Palast. Neuankömmlinge warten mindestens eine Stunde, bevor ihnen ein Platz zugewiesen wird. Die digitale Warteschlange ist aktiviert, damit sich neue Besucher anmelden können. Die Wartezeit beträgt 1 Stunde und 30 Minuten.","De digitale wachtrij biedt elke 15 minuten plaats aan 75 bezoekers. Bezoekers die zich bij de wachtrij voegen, moeten minimaal 1 uur wachten voordat ze een tijdslot toegewezen krijgen. De digitale wachtrij is ingeschakeld zodat nieuwe bezoekers kunnen instappen. De daadwerkelijke wachttijd bedraagt ​​1 uur en 30 minuten.",La cola digital permite la entrada al palacio a 75 visitantes cada 15 minutos. Quienes se incorporan a la cola esperan al menos una hora antes de que se les asigne un turno. La cola digital está habilitada para que nuevos visitantes puedan unirse. El tiempo de espera en tiempo real es de 1 hora y 30 minutos.,Mae'r ciw digidol yn caniat√°u i 75 o ymwelwyr ddod i mewn i'r palas bob 15 munud. Mae seiri i'r ciw yn aros o leiaf 1 awr cyn neilltuo slot. Mae'r ciw digidol wedi'i alluogi fel y gall ymwelwyr newydd ymuno. Amser aros byw yw 1 awr 30 munud.-nl,,宫殿每15分钟允许75名游客进入数字排队系统。排队者至少等待1小时才能获得一个名额。数字排队系统已启用，以便新游客加入。实际等待时间为1小时30分钟。,
tour_name,Tour Name,Tour Name,Nom de la tournée,Nome del tour,Tourname,Tournaam,Nombre del tour,Taith Enw-nl,,行程名称,
tour_image,Tour Image,Tour Image,Image de la tournée,Immagine del tour,Tourbild,Tour Afbeelding,Imagen del tour,Taith Delwedd-nl,,旅游图片,
enter_tour_name,Enter Tour Name,Enter Tour Name,Entrez le nom de la visite,Inserisci il nome del tour,Tournamen eingeben,Voer de tournaam in,Ingrese el nombre del tour,Rhowch Enw Taith-nl,,输入旅游名称,
select_image,Select Image,Select Image,Sélectionner une image,Seleziona immagine,Bild auswählen,Selecteer afbeelding,Seleccionar imagen,Dewiswch Image-nl,,选择图像,
take_from_camera,Take from Camera,Take from Camera,Prendre depuis la caméra,Ripresa dalla telecamera,Von der Kamera aufnehmen,Van de camera nemen,Tomar de la cámara,Cymerwch o Camera-nl,,从相机拍摄,
take_from_gallery,Take from Gallery,Take from Gallery,Extrait de la galerie,Prendi dalla Galleria,Aus der Galerie nehmen,Overnemen uit Galerij,Tomar de la galería,Cymerwch o Gallery-nl,,摘自画廊,
remove_photo,Remove Photo,Remove Photo,Supprimer la photo,Rimuovi foto,Foto entfernen,Foto verwijderen,Eliminar foto,Dileu Photo-nl,,删除照片,
open_wifi_settings,Open WiFi Settings,Open WiFi Settings,Ouvrir les paramètres Wi-Fi,Apri le impostazioni WiFi,Öffnen Sie die WLAN-Einstellungen,Open WiFi-instellingen,Abrir la configuración de WiFi,Agor Gosodiadau WiFi-nl,,打开 WiFi 设置,
start_tour,Start Tour,Start Tour,Démarrer la visite,Inizia il tour,Tour starten,Start Tour,Iniciar Tour,Cychwyn Tour-nl,,开始游览,
create_tour,Create tour,Create tour,Créer une visite,Crea tour,Tour erstellen,Tour maken,Crear tour,Creu tour-nl,,创建游览,
connect_to_a_different_hotspot_or_press_start_tour.,Connect to a different hotspot or press start tour.,Connect to a different hotspot or press start tour.,Connectez-vous à un autre point d'accès ou appuyez sur Démarrer la visite.,Connettiti a un hotspot diverso o premi Avvia tour.,Stellen Sie eine Verbindung zu einem anderen Hotspot her oder drücken Sie „Tour starten“.,Maak verbinding met een andere hotspot of druk op 'Start tour'.,Conéctese a un punto de acceso diferente o presione iniciar recorrido.,Cysylltwch √¢ man cychwyn gwahanol neu gwasgwch start tour.-nl,,连接到不同的热点或按开始游览。,
can‚Äôt_find_your_tour?,Can‚Äôt find your tour?,Can‚Äôt find your tour?,Vous ne trouvez pas votre circuit ?,Non riesci a trovare il tuo tour?,Sie können Ihre Tour nicht finden?,Kunt u uw tour niet vinden?,¿No encuentras tu tour?,Methu dod o hyd i'ch taith?-nl,,找不到您的旅行团？,
stop_audio,Stop Audio,Stop Audio,Arrêter l'audio,Interrompi audio,Audio stoppen,Audio stoppen,Detener el audio,Stopiwch Sain-nl,,停止音频,
start_audio,Start Audio,Start Audio,Démarrer l'audio,Avvia audio,Audio starten,Audio starten,Iniciar audio,Cychwyn Sain-nl,,开始音频,
joined_people,Joined People,Joined People,Personnes jointes,Persone unite,Verbundene Personen,Aangesloten mensen,Personas unidas,Ymunodd Pobl-nl,,加入的人,
search_poll_by_poll_name,Search poll by name,Search poll by name,Rechercher un sondage par nom,Cerca sondaggio per nome,Umfrage nach Namen suchen,Zoek poll op naam,Buscar encuesta por nombre,Chwilio arolwg barn yn √¥l enw-nl,,按名称搜索民意调查,
not_now,Not now,Not now,Pas maintenant,Non adesso,Nicht jetzt,Niet nu,Ahora no,Nid yn awr-nl,,现在不要,
add_photo_or_video_optional,Add Photo or Video,Add Photo or Video,Ajouter une photo ou une vidéo,Aggiungi foto o video,Foto oder Video hinzufügen,Foto of video toevoegen,Agregar foto o video,Ychwanegu Llun neu Fideo (Dewisol) -nl,,添加照片或视频,
billing_overview_is_not_present,Billing overview is not present,Billing overview is not present,L'aperçu de la facturation n'est pas présent,La panoramica della fatturazione non è presente,Rechnungsübersicht ist nicht vorhanden,Factureringsoverzicht is niet aanwezig,La descripción general de facturación no está presente,Nid yw trosolwg bilio yn bresennol-nl,,账单概览不存在,
total_tax_included,Total Tax Included,Total Tax Included,Total des taxes incluses,Totale tasse incluse,Gesamtsteuer inbegriffen,Totaal belasting inbegrepen,Impuestos totales incluidos,Cyfanswm Treth a Gynwysir-nl,,含税总额,
contact_staff,Contact Staff,Contact Staff,Contacter le personnel,Contatta lo staff,Kontakt,Contactpersoon,Personal de contacto,Cysylltwch √¢ Staff-nl,,联系工作人员,
profile_completed,Profile Completed,Profile Completed,Profil complété,Profilo completato,Profil abgeschlossen,Profiel voltooid,Perfil completado,Proffil Cwblhawyd-nl,,个人资料已完成,
complete_profile,Complete Profile,Complete Profile,Profil complet,Profilo completo,Vollständiges Profil,Volledig profiel,Perfil completo,Cwblhau Proffil-nl,,完整个人资料,
profile_to_appear_in_the_app,Complete all mandatory fields to activate your profile to appear in the app.,Complete all mandatory fields to activate your profile to appear in the app.,Remplissez tous les champs obligatoires pour activer votre profil afin qu'il apparaisse dans l'application.,Compila tutti i campi obbligatori per attivare il tuo profilo e renderlo visibile nell'app.,"Füllen Sie alle Pflichtfelder aus, um Ihr Profil für die Anzeige in der App zu aktivieren.",Vul alle verplichte velden in om uw profiel in de app te activeren.,Completa todos los campos obligatorios para activar tu perfil y que aparezca en la app.,Cwblhewch yr holl feysydd gorfodol i actifadu'ch proffil i ymddangos yn yr app-nl,,填写所有必填字段以激活您的个人资料并显示在应用程序中。,
access,Access,Access,Accéder,Accesso,Zugang,Toegang,Acceso,Mynediad-nl,,使用权,
email_us,Email Us,Email Us,Envoyez-nous un e-mail,Inviaci un'e-mail,Eine Kopie der E-Mail an mich senden.,Stuur ons een e-mail,Envíenos un correo electrónico,E-bostiwch Ni-nl,,给我们发电子邮件,
group_left,Group Left,Group Left,Groupe de gauche,Gruppo a sinistra,Gruppe links,Groep Links,Grupo Izquierda,Gr≈µp Chwith-nl,,左组,
you_have_left_the_community_successfully,You have left the community successfully.,You have left the community successfully.,Vous avez quitté la communauté avec succès.,Hai abbandonato la community con successo.,Sie haben die Community erfolgreich verlassen.,U hebt de community succesvol verlaten.,Has abandonado la comunidad con éxito.,Rydych chi wedi gadael y gymuned yn llwyddiannus.-nl,,您已成功离开社区。,
no_one_hase_joined,No one hase joined,No one hase joined,Personne n'a rejoint,Nessuno si è unito,Niemand ist beigetreten,Niemand heeft zich aangesloten,Nadie se ha unido,Nid oes neb wedi ymuno-nl,,还没有人加入,
yet,yet,yet,encore,Ancora,noch,nog,todavía,eto-nl,,然而,
people_not_found,People not found!,People not found!,Personnes non trouvées !,Persone non trovate!,Personen nicht gefunden!,Personen niet gevonden!,¡Personas no encontradas!,Pobl heb eu darganfod!-nl,,沒有找到人！,
there_are_no_companies_to_see_right_now,There are no companies to see right now,There are no companies to see right now,Il n'y a aucune entreprise à voir pour le moment,Al momento non ci sono aziende da vedere,Zurzeit sind keine Unternehmen zu sehen,Er zijn momenteel geen bedrijven te zien,No hay empresas para ver en este momento,Nid oes unrhyw gwmn√Øau i'w gweld ar hyn o bryd-nl,,目前没有可查看的公司,
active_membership,Active Membership,Active Membership,Adhésion active,Socio attivo,Aktive Mitgliedschaft,Actief lidmaatschap,Membresía activa,Aelodaeth Weithgar-nl,,活跃会员,
my_booking,My Booking,My Booking,Ma réservation,La mia prenotazione,Meine Buchung,Mijn boeking,Mi reserva,Fy Archeb-nl,,我的预订,
new_member_joined,New Member Joined,New Member Joined,Nouveau membre rejoint,Nuovo membro iscritto,Neues Mitglied beigetreten,Nieuw lid toegevoegd,Nuevo miembro se unió,Aelod Newydd Ymunodd-nl,,新成员加入,
new_members_joining,New members joining,New members joining,Nouveaux membres rejoignant,Nuovi membri che si uniscono,Neue Mitglieder treten bei,Nieuwe leden sluiten zich aan,Nuevos miembros que se unen,Aelodau newydd yn ymuno-nl,,新成员加入,
new_event_hosted,New event hosted,New event hosted,Nouvel événement organisé,Nuovo evento ospitato,Neue Veranstaltung veranstaltet,Nieuw evenement georganiseerd,Nuevo evento organizado,Digwyddiad newydd wedi'i gynnal-nl,,举办新活动,
new_chat_started_at,New Chat started at,New Chat started at,Nouveau chat commencé à,Nuova chat iniziata alle,Neuer Chat gestartet um,Nieuwe chat gestart om,Nuevo chat iniciado en,Dechreuodd Sgwrs Newydd am-nl,,新聊天开始于,
new_article_is_posted,New Article posted,New Article posted,Nouvel article publié,Nuovo articolo pubblicato,Neuer Artikel veröffentlicht,Nieuw artikel geplaatst,Nuevo artículo publicado,Erthygl Newydd wedi'i phostio-nl,,已发布新文章,
account_settings,Account Settings,Account Settings,Paramètres du compte,Impostazioni dell'account,Kontoeinstellungen,Accountinstellingen,Configuraciones de la cuenta,Gosodiadau Cyfrif-nl,,帐户设置,
complete_your_profile_so_other_can_know_about_you,Complete your profile so other can know about you,Complete your profile so other can know about you,Complétez votre profil pour que les autres puissent vous connaître,Completa il tuo profilo in modo che gli altri possano sapere di te,"Vervollständigen Sie Ihr Profil, damit andere mehr über Sie erfahren",Maak je profiel compleet zodat anderen jou kunnen leren kennen,Completa tu perfil para que otros puedan saber de ti,Cwblhewch eich proffil fel y gall eraill wybod amdanoch chi-nl,,完善您的个人资料，以便其他人了解您,
delete_profile,Delete Profile,Delete Profile,Supprimer le profil,Elimina profilo,Profil löschen,Profiel verwijderen,Eliminar perfil,Dileu Proffil-nl,,删除个人资料,
delete_your_profile_and_chat_post,"Delete your profile and chat, post","Delete your profile and chat, post","Supprimez votre profil et discutez, publiez","Elimina il tuo profilo e chatta, pubblica","Löschen Sie Ihr Profil und chatten, posten","Verwijder je profiel en chat, post","Elimina tu perfil y chatea, publica","Dileu eich proffil a sgwrs, post-nl",,删除您的个人资料和聊天、帖子,
on_site,On-site,On-site,Sur place,Sul posto,Vor Ort,Ter plaatse,In situ,Ar y safle-nl,,现场,
off_site,Off-site,Off-site,Hors site,Fuori sede,Außerhalb des Standorts,Buiten de locatie,Fuera del sitio,Oddi ar y safle-nl,,场外,
check_in,Check In,Check In,Enregistrement,Check-in,Einchecken,Inchecken,Registrarse,Gwiriwch In-nl,,报到,
check_out,Check Out,Check Out,Vérifier,Guardare,Kasse,Uitchecken,Verificar,Gwiriwch Allan-nl,,查看,
none,None,None,Aucun,Nessuno,Keiner,Geen,Ninguno,Dim-nl,,没有任何,
to_checkin_please_enable_geoFencing,"To checkin, Please enable GeoFencing or scan a QR code on reception.","To checkin, Please enable GeoFencing or scan a QR code on reception.","Pour vous enregistrer, veuillez activer le GeoFencing ou scanner un code QR à la réception.","Per effettuare il check-in, abilita il GeoFencing o scansiona un codice QR alla reception.",Aktivieren Sie zum Einchecken bitte GeoFencing oder scannen Sie einen QR-Code an der Rezeption.,"Om in te checken, schakelt u GeoFencing in of scant u een QR-code bij de receptie.","Para realizar el check-in, active el GeoFencing o escanee un código QR en recepción.","I gofrestru, galluogwch GeoFencing neu sganiwch god QR ar dderbynfa.-nl",,要办理入住手续，请启用地理围栏或扫描接待处的二维码。,
enable_background_location_to_checkin,Enable Background location to checkin automatically when you arrive on site.,Enable Background location to checkin automatically when you arrive on site.,Activez la localisation en arrière-plan pour vous enregistrer automatiquement lorsque vous arrivez sur le site.,Abilita la posizione in background per effettuare il check-in automatico quando arrivi sul posto.,"Aktivieren Sie den Hintergrundstandort, um automatisch einzuchecken, wenn Sie vor Ort ankommen.",Schakel Achtergrondlocatie in om automatisch in te checken wanneer u op de locatie aankomt.,Habilite la ubicación en segundo plano para registrarse automáticamente cuando llegue al sitio.,Galluogi lleoliad Cefndir i checkin yn awtomatig pan fyddwch yn cyrraedd ar site.-nl,,启用后台定位，当您到达现场时自动签到。,
dismiss,Dismiss,Dismiss,Rejeter,Congedare,Zurückweisen,Afwijzen,Despedir,Diswyddo-nl,,解雇,
never_show_again,Never Show Again,Never Show Again,Ne plus jamais montrer,Non mostrare mai più,Nie wieder anzeigen,Nooit meer tonen,No volver a mostrar,Byth Dangos Eto-nl,,不再显示,
overdue_payments,Overdue Payments,Overdue Payments,Paiements en retard,Pagamenti in ritardo,Überfällige Zahlungen,Achterstallige betalingen,Pagos vencidos,Taliadau Hwyr-nl,,逾期付款,
bookings_today,Bookings Today,Bookings Today,Réservations aujourd'hui,Prenotazioni oggi,Buchungen heute,Boekingen vandaag,Reservas hoy,Archebion Heddiw-nl,,今日预订,
last_seen,Last Seen,Last Seen,Vu pour la dernière fois,Ultimo accesso,Zuletzt gesehen,Laatst gezien,Visto por última vez,Gwelwyd diweddaf-nl,,上次上线,
membership,Membership,Membership,Adhésion,Iscrizione,Mitgliedschaft,Lidmaatschap,Afiliación,Aelodaeth-nl,,会员资格,
checked_in,Checked-in,Checked-in,Enregistré,Registrato,Eingecheckt,Ingecheckt,Registrado,Gwiriwyd-yn-nl,,已办理登机手续,
checked_out,Checked-out,Checked-out,Vérifié,Controllato,Ausgecheckt,Uitgecheckt,Revisado,Gwiriwyd-allan-nl,,已退房,
checked_in_by,Checked in by,Checked in by,Enregistré par,Registrato da,Eingecheckt von,Ingecheckt door,Registrado por,Gwiriwyd yn by-nl,,签到人,
visiting,Visiting,Visiting,Visite,Visitare,Besuchen,Bezoek,Visitante,Ymweld-nl,,参观,
off_site_s,Off-Site,Off-Site,Hors site,Fuori sede,Außerhalb des Standorts,Buiten het terrein,Fuera del sitio,Oddi ar y Safle-nl,,场外,
on_site_now,On-Site now,On-Site now,Sur place maintenant,Ora sul posto,Jetzt vor Ort,Nu ter plaatse,En el sitio ahora,Ar y Safle nawr-nl,,立即到场,
over_due,Over Due,Over Due,En retard,Scaduto,Überfällig,Verlopen,Atrasado,Dros Due-nl,,逾期,
edit_profile_image,Edit profile Image,Edit profile Image,Modifier l'image du profil,Modifica immagine del profilo,Profilbild bearbeiten,Profielafbeelding bewerken,Editar imagen de perfil,Golygu proffil Image-nl,,编辑个人资料图片,
your_profile_story,More Profile Images,More Profile Images,Plus d'images de profil,Altre immagini del profilo,Weitere Profilbilder,Meer profielafbeeldingen,Más imágenes de perfil,Eich stori proffil-nl,,更多个人资料图片,
your_bio,Your bio,Your bio,Votre biographie,La tua biografia,Ihre Biografie,Jouw biografie,Tu biografía,Eich bio-nl,,您的个人简介,
your_bio_here,"Your bio here, hi I am","Your bio here, hi I am","Votre bio ici, salut je suis","La tua biografia qui, ciao sono","Ihre Biografie hier, hallo, ich bin","Hier is je bio, hallo ik ben","Tu biografía aquí, hola soy yo","Eich bio yma, helo yr wyf yn-nl",,你的简历在这里，你好，我是,
some_job,Some job,Some job,Un peu de travail,Un po' di lavoro,Irgendein Job,Een baan,Algún trabajo,Rhyw swydd-nl,,一些工作,
student_at_someplace,Student at Someplace,Student at Someplace,Étudiant à Someplace,Studente presso Someplace,Student bei Someplace,Student op ergens,Estudiante en algún lugar,Myfyriwr yn Someplace-nl,,某地学生,
select_date_of_birth,Select Date of Birth,Select Date of Birth,Sélectionnez la date de naissance,Seleziona la data di nascita,Geburtsdatum auswählen,Selecteer geboortedatum,Seleccione fecha de nacimiento,Dewiswch Dyddiad Geni-nl,,选择出生日期,
currently_working,Currently working,Currently working,Je travaille actuellement,Attualmente lavoro,Derzeit arbeiten,Momenteel aan het werk,Actualmente trabajando,Ar hyn o bryd yn gweithio-nl,,目前工作,
select_currently_working _industry,"Select Currently working industry, choose max 3","Select Currently working industry, choose max 3","Sélectionnez le secteur d'activité actuellement en activité, choisissez-en 3 maximum","Seleziona il settore in cui lavori attualmente, scegline massimo 3","Wählen Sie die Branche aus, in der Sie derzeit arbeiten, und wählen Sie maximal 3 aus.","Selecteer de branche waarin u momenteel werkt, kies er maximaal 3","Seleccione la industria en la que trabaja actualmente, elija un máximo de 3","Dewiswch Diwydiant sy'n gweithio ar hyn o bryd, dewiswch uchafswm o 3-nl",,选择目前工作的行业，最多选择3个,
Currently_working_in,Currently Working in,Currently Working in,Je travaille actuellement dans,Attualmente lavoro in,Derzeit tätig in,Momenteel werkzaam in,Actualmente trabajando en,Ar hyn o bryd yn gweithio yn-nl,,目前工作于,
my_current_position_is,My Current Position is,My Current Position is,Mon poste actuel est,La mia posizione attuale è,Meine aktuelle Position ist,Mijn huidige positie is,Mi puesto actual es,Fy sefyllfa bresennol yw-nl,,我目前的职位是,
select_current_position,"Select current position, choose max 3","Select current position, choose max 3","Sélectionnez la position actuelle, choisissez max 3","Seleziona la posizione attuale, scegli max 3","Aktuelle Position auswählen, maximal 3 auswählen","Selecteer huidige positie, kies maximaal 3","Seleccione la posición actual, elija máximo 3","Dewiswch y sefyllfa bresennol, dewiswch uchafswm o 3-nl",,选择当前位置，最多选择 3,
current_position,current position,current position,position actuelle,posizione attuale,aktuelle Position,huidige positie,posición actual,sefyllfa bresennol-nl,,当前位置,
career_stage,Career stage,Career stage,Stade de carrière,Fase di carriera,Karrierestufe,Carrièrefase,Etapa de la carrera,Cam gyrfa-nl,,职业阶段,
select_career_stage,"Select Career stage, choose max 3","Select Career stage, choose max 3","Sélectionnez l'étape de carrière, choisissez un maximum de 3","Seleziona la fase di carriera, scegline massimo 3","Wählen Sie die Karrierestufe, wählen Sie maximal 3","Selecteer carrièrefase, kies maximaal 3","Seleccione la etapa de la carrera, elija un máximo de 3","Dewiswch Cam Gyrfa, dewiswch uchafswm o 3-nl",,选择职业阶段，最多选择 3 个,
Im_looking_for,I'm Looking for,I'm Looking for,Je recherche,Sto cercando,Ich suche,Ik zoek,Estoy buscando,Rwy'n Edrych am-nl,,我正在寻找,
select_looking_for,"Select Looking for, choose max 3","Select Looking for, choose max 3","Sélectionnez Recherche, choisissez max 3","Seleziona Cercando, scegli max 3",Wählen Sie „Suchen nach“ und wählen Sie maximal 3,"Selecteer Zoeken naar, kies maximaal 3","Seleccione Buscando, elija máximo 3","Dewiswch Chwilio am, dewiswch uchafswm o 3-nl",,选择“正在查找”，最多选择 3 个,
i_can_offer,I can offer,I can offer,Je peux offrir,Posso offrire,Ich kann anbieten,Ik kan aanbieden,Puedo ofrecer,Gallaf gynnig-nl,,我可以提供,
select_urrently_working_industry,"Select Currently working industry, choose max 3","Select Currently working industry, choose max 3","Sélectionnez le secteur d'activité actuellement en activité, choisissez-en 3 maximum","Seleziona il settore in cui lavori attualmente, scegline massimo 3","Wählen Sie die Branche aus, in der Sie derzeit arbeiten, und wählen Sie maximal 3 aus.","Selecteer de branche waarin u momenteel werkt, kies er maximaal 3","Seleccione la industria en la que trabaja actualmente, elija un máximo de 3","Dewiswch Diwydiant sy'n gweithio ar hyn o bryd, dewiswch uchafswm o 3-nl",,选择目前工作的行业，最多选择3个,
my_super_power_is,My Super Powers are,My Super Powers are,Mes super pouvoirs sont,I miei super poteri sono,Meine Superkräfte sind,Mijn superkrachten zijn,Mis superpoderes son,Fy super b≈µer yw-nl,,我的超能力是,
select_super_power,"Select super power, choose max 3","Select super power, choose max 3","Sélectionnez la super puissance, choisissez max 3","Seleziona superpotere, scegline massimo 3","Wählen Sie Superkraft, wählen Sie maximal 3","Selecteer superkracht, kies maximaal 3","Selecciona superpoder, elige máximo 3","Dewiswch b≈µer uwch, dewiswch uchafswm o 3-nl",,选择超能力，最多选择3个,
my_interest_is,My interest is,My interest is,Mon intérêt est,Il mio interesse è,Mein Interesse ist,Mijn interesse is,Mi interés es,Fy niddordeb i yw-nl,,我的兴趣是,
select_interest,"Select interest, choose max 3","Select interest, choose max 3","Sélectionnez l'intérêt, choisissez max 3","Seleziona l'interesse, scegli max 3","Wählen Sie Interesse, wählen Sie max. 3","Selecteer interesse, kies maximaal 3","Seleccione interés, elija máximo 3","Dewiswch ddiddordeb, dewiswch uchafswm o 3-nl",,选择兴趣，最多选择 3 个,
i_am_interested_in,My interests,My interests,Mes intérêts,I miei interessi,Meine Interessen,Mijn interesses,Mis intereses,Mae gennyf ddiddordeb yn-nl,,我的兴趣,
lets_meet_to_discuss,Let's meet to discuss,Let's meet to discuss,Rencontrons-nous pour discuter,Incontriamoci per discutere,"Lassen Sie uns treffen, um zu diskutieren",Laten we afspreken om te bespreken,Reunámonos para discutir,Dewch i ni gwrdd i drafod-nl,,让我们见面讨论一下,
my_mission_is,My mission is,My mission is,Ma mission est,La mia missione è,Meine Mission ist,Mijn missie is,Mi misión es,Fy nghenhadaeth yw-nl,,我的使命是,
favourite_quotemantra,Favourite quote/mantra,Favourite quote/mantra,Citation/mantra préféré,Citazione/mantra preferito,Lieblingszitat/Mantra,Favoriete citaat/mantra,Cita/mantra favorito,Hoff ddyfyniad/mantra-nl,,最喜欢的名言/咒语,
social_media_links,Social media links,Social media links,Liens vers les réseaux sociaux,Link ai social media,Social-Media-Links,Links naar sociale media,Enlaces de redes sociales,Dolenni cyfryngau cymdeithasol-nl,,社交媒体链接,
enter_url,Enter url,Enter url,Entrez l'URL,Inserisci l'URL,URL eingeben,Voer URL in,Introducir URL,Rhowch url-nl,,输入网址,
add_social_media_links,Add social media Links,Add social media Links,Ajouter des liens vers les réseaux sociaux,Aggiungi link ai social media,Social-Media-Links hinzufügen,Voeg links voor sociale media toe,Agregar enlaces a redes sociales,Ychwanegu cyfryngau cymdeithasol Links-nl,,添加社交媒体链接,
add_social_media_profiles,Add social media profiles to showcase your social activities.,Add social media profiles to showcase your social activities.,Ajoutez des profils de réseaux sociaux pour présenter vos activités sociales.,Aggiungi profili sui social media per mostrare le tue attività sui social.,"Fügen Sie Social-Media-Profile hinzu, um Ihre sozialen Aktivitäten zu präsentieren.",Voeg socialemediaprofielen toe om uw sociale activiteiten te laten zien.,Añade perfiles de redes sociales para mostrar tus actividades sociales.,Ychwanegwch broffiliau cyfryngau cymdeithasol i arddangos eich gweithgareddau cymdeithasol.-nl,,添加社交媒体资料来展示您的社交活动。,
add,Add,Add,Ajouter,Aggiungere,Hinzufügen,Toevoegen,Agregar,Add-nl,,添加,
edit_social_media_link,Edit social media Link,Edit social media Link,Modifier le lien des médias sociaux,Modifica collegamento social media,Social-Media-Link bearbeiten,Bewerk de link naar sociale media,Editar enlace de redes sociales,Golygu cyfryngau cymdeithasol Link-nl,,编辑社交媒体链接,
edit_social_media_url,"Edit social media Url, accept only absolute Url.","Edit social media Url, accept only absolute Url.","Modifier l'URL des réseaux sociaux, accepter uniquement l'URL absolue.","Modifica l'URL dei social media, accetta solo URL assoluti.",Bearbeiten Sie die Social-Media-URL. Akzeptieren Sie nur absolute URLs.,"Bewerk de URL van sociale media, accepteer alleen absolute URL's.","Edite la URL de las redes sociales, acepte solo la URL absoluta.","Golygu Url cyfryngau cymdeithasol, derbyn Url.-nl absoliwt yn unig",,编辑社交媒体网址，仅接受绝对网址。,
member_since,Member Since,Member Since,Membre depuis,Membro dal,Mitglied seit,Lid sinds,Miembro desde,Aelod Ers-nl,,会员自,
last_active,Last Active,Last Active,Dernière activité,Ultimo attivo,Zuletzt aktiv,Laatst actief,Último activo,Actif diweddaf-nl,,上次活动,
save_profile,Save Profile,Save Profile,Enregistrer le profil,Salva profilo,Profil speichern,Profiel opslaan,Guardar perfil,Cadw Proffil-nl,,保存个人资料,
event_start_on,Event Start On,Event Start On,Début de l'événement le,Inizio evento il,Ereignisbeginn am,Evenement start op,El evento comienza el,Digwyddiad Dechrau Ar-nl,,活动开始时间,
incorrect_event_url,Incorrect event url,Incorrect event url,URL d'événement incorrecte,URL dell'evento errato,Falsche Ereignis-URL,Onjuiste gebeurtenis-URL,URL de evento incorrecta,Digwyddiad anghywir url-nl,,活动网址不正确,
no_events_scheduled,No events scheduled,No events scheduled,Aucun événement prévu,Nessun evento programmato,Keine Veranstaltungen geplant,Geen evenementen gepland,No hay eventos programados,Dim digwyddiadau wedi'u hamserlennu-nl,,没有安排活动,
confirmation_for_tickets_message,Confirmation for tickets purchased via Eventbrite will arrive to your inbox.,Confirmation for tickets purchased via Eventbrite will arrive to your inbox.,La confirmation des billets achetés via Eventbrite arrivera dans votre boîte de réception.,La conferma per i biglietti acquistati tramite Eventbrite arriverà nella tua casella di posta.,Für über Eventbrite gekaufte Tickets erhalten Sie eine Bestätigung in Ihrem Posteingang.,"Voor tickets die u via Eventbrite heeft gekocht, ontvangt u een bevestiging in uw inbox.",La confirmación de las entradas compradas a través de Eventbrite llegará a tu bandeja de entrada.,Bydd cadarnhad am docynnau a brynwyd trwy Eventbrite yn cyrraedd eich mewnflwch.-nl,,通过 Eventbrite 购买的门票的确认信息将发送到您的收件箱。,
na,NA,NA,N / A,N / A,N / A,NA,N / A,NA-nl,,不适用,
you_are_about_to_launch,You are about to launch,You are about to launch,Vous êtes sur le point de lancer,Stai per lanciare,Sie sind im Begriff zu starten,Je staat op het punt om te starten,Estás a punto de lanzar,Rydych chi ar fin lansio-nl,,您即将启动,
are_you_sure,Are you sure,Are you sure,Es-tu sûr,Sei sicuro,Bist du sicher,Weet je het zeker?,Está seguro,A ydych yn sicr-nl,,你确定吗,
saving_request,Saving request,Saving request,Demande de sauvegarde,Richiesta di salvataggio,Speicheranforderung,Verzoek tot opslaan,Solicitud de guardado,Cais arbed-nl,,保存请求,
error_while_getting_helpdesk,Error while Getting Helpdesk,Error while Getting Helpdesk,Erreur lors de l'obtention de l'assistance,Errore durante l'accesso all'Helpdesk,Fehler beim Abrufen des Helpdesks,Fout bij het verkrijgen van Helpdesk,Error al obtener la mesa de ayuda,Gwall wrth Gael Desg Gymorth-nl,,获取帮助台时出错,
error_while_creating_helpdesk_ticket_please_try_again,Error while creating helpdesk ticket. Please try again,Error while creating helpdesk ticket. Please try again,Erreur lors de la création du ticket d'assistance. Veuillez réessayer.,Errore durante la creazione del ticket dell'helpdesk. Riprova.,Fehler beim Erstellen des Helpdesk-Tickets. Bitte versuchen Sie es erneut,Fout bij het aanmaken van een helpdeskticket. Probeer het opnieuw.,Error al crear un ticket de soporte. Inténtalo de nuevo.,Gwall wrth greu tocyn desg gymorth. Ceisiwch eto-nl,,创建帮助台工单时出错。请重试,
error_while_creating_helpdesk_ticket,Error while creating helpdesk ticket.,Error while creating helpdesk ticket.,Erreur lors de la création d'un ticket d'assistance.,Errore durante la creazione del ticket dell'helpdesk.,Fehler beim Erstellen des Helpdesk-Tickets.,Fout bij het aanmaken van helpdeskticket.,Error al crear un ticket de soporte técnico.,Gwall wrth greu tocyn desg gymorth.-nl,,创建帮助台票证时出错。,
make_service_request,Make Service Request,Make Service Request,Faire une demande de service,Effettua una richiesta di servizio,Serviceanfrage stellen,Serviceverzoek indienen,Realizar una solicitud de servicio,Gwneud Cais Gwasanaeth-nl,,提出服务请求,
type_of_request,Type of Request,Type of Request,Type de demande,Tipo di richiesta,Art der Anfrage,Type verzoek,Tipo de solicitud,Math o Gais-nl,,请求类型,
please_select_request_type,Please select request type,Please select request type,Veuillez sélectionner le type de demande,Seleziona il tipo di richiesta,Bitte wählen Sie den Anfragetyp,Selecteer het type aanvraag,Por favor seleccione el tipo de solicitud,Dewiswch math cais-nl,,请选择请求类型,
your_job_title,Your job title,Your job title,Votre titre de poste,Il tuo titolo di lavoro,Ihre Berufsbezeichnung,Jouw functietitel,Su puesto de trabajo,#VALUE!,,您的职位,
your_course_place_of_study,Your Course / Place of Study,Your Course / Place of Study,Votre cursus / lieu d'études,Il tuo corso/luogo di studio,Ihr Studiengang / Studienort,Jouw opleiding / studieplaats,Tu curso / lugar de estudio,#VALUE!,,你的课程/学习地点,
directly_get_in_touch_with_site_staff_report_issues_and_call_them_only_available_on_site,Directly get in touch with site staff report issues and call them only available on-site.,Directly get in touch with site staff report issues and call them only available on-site.,"Contactez directement le personnel du site, signalez les problèmes et appelez-les uniquement disponibles sur place.","Contatta direttamente il personale del sito, segnala i problemi e chiamalo solo se disponibile in loco.","Nehmen Sie direkt Kontakt mit dem Personal vor Ort auf, melden Sie Probleme und rufen Sie es an, es ist nur vor Ort verfügbar.",Neem rechtstreeks contact op met het personeel op locatie als u problemen meldt. Zij zijn alleen bereikbaar op locatie.,"Comuníquese directamente con el personal del sitio, informe los problemas y llámelos solo si están disponibles en el sitio.",#VALUE!,,直接联系现场工作人员报告问题并致电他们（仅限现场人员）。,
related_interests,Related Interests,Related Interests,Intérêts connexes,Interessi correlati,Verwandte Interessen,Gerelateerde interesses,Intereses relacionados,#VALUE!,,相关兴趣,
booking_options,Booking Options,Booking Options,Options de réservation,Opzioni di prenotazione,Buchungsoptionen,Boekingsopties,Opciones de reserva,#VALUE!,,预订选项,
full_day,Full Day,Full Day,Journée complète,Giornata intera,Ganzer Tag,Hele dag,Día completo,#VALUE!,,全天,
half_day,Half Day,Half Day,Demi-journée,Mezza giornata,Halber Tag,Halve dag,Medio día,#VALUE!,,半天,
hourly,Hourly,Hourly,Toutes les heures,Ogni ora,Stündlich,Per uur,Cada hora,#VALUE!,,每小时,
per_hour,Per Hour,Per Hour,Par heure,All'ora,Pro Stunde,Per uur,Por hora,#VALUE!,,每小时,
hours,Hours,Hours,Heures,Ore,Std,Uren,Horas,#VALUE!,,小时,
payment_summary,Payment Summary,Payment Summary,Résumé des paiements,Riepilogo dei pagamenti,Zahlungsübersicht,Betalingsoverzicht,Resumen de pago,#VALUE!,,付款摘要,
request_refund_cancel,Request Refund / Cancel,Request Refund / Cancel,Demander un remboursement / Annuler,Richiedi rimborso / Annulla,Rückerstattung anfordern / stornieren,Terugbetaling aanvragen / Annuleren,Solicitar reembolso / Cancelar,#VALUE!,,申请退款/取消,
refund,Refund,Refund,Remboursement,Rimborso,Erstattung,Terugbetaling,Reembolso,#VALUE!,,退款,
accept_refund,Accept Refund,Accept Refund,Accepter le remboursement,Accetta il rimborso,Rückerstattung akzeptieren,Restitutie accepteren,Aceptar reembolso,#VALUE!,,接受退款,
reject_refund,Reject Refund,Reject Refund,Refuser le remboursement,Rifiuta rimborso,Rückerstattung ablehnen,Terugbetaling weigeren,Rechazar reembolso,#VALUE!,,拒绝退款,
room_name,Room Name,Room Name,Nom de la chambre,Nome della stanza,Raumname,Kamernaam,Nombre de la habitación,#VALUE!,,房间名称,
room_overview,Overview e.g. 4 Seats | Whiteboard | Tv | Phone,Overview e.g. 4 Seats | Whiteboard | Tv | Phone,Aperçu par exemple : 4 places | Tableau blanc | Téléviseur | Téléphone,Panoramica ad esempio 4 posti | Lavagna | Tv | Telefono,Übersicht z.B. 4 Sitzplätze | Whiteboard | Fernseher | Telefon,Overzicht bijv. 4 stoelen | Whiteboard | Tv | Telefoon,"Descripción general, p. ej. 4 asientos | Pizarra | TV | Teléfono",#VALUE!,,概览，例如 4 个座位 | 白板 | 电视 | 电话,
long_description,Long Description,Long Description,Description longue,Descrizione lunga,Lange Beschreibung,Lange beschrijving,Descripción larga,#VALUE!,,详细描述,
min_booking_time,Min Booking Time,Min Booking Time,Temps de réservation minimum,Tempo minimo di prenotazione,Mindestbuchungszeit,Minimale boekingstijd,Tiempo mínimo de reserva,#VALUE!,,最短预订时间,
max_booking_time,Max Booking Time,Max Booking Time,Durée maximale de réservation,Tempo massimo di prenotazione,Maximale Buchungszeit,Maximale boekingstijd,Tiempo máximo de reserva,#VALUE!,,最长预订时间,
capacity,Capacity,Capacity,Capacité,Capacità,Kapazität,Capaciteit,Capacidad,#VALUE!,,容量,
mandatory_pricing_options,Mandatory Pricing Options,Mandatory Pricing Options,Options de tarification obligatoires,Opzioni di prezzo obbligatorie,Obligatorische Preisoptionen,Verplichte prijsopties,Opciones de precios obligatorias,#VALUE!,,强制定价选项,
hourly_price,Hourly Price,Hourly Price,Tarif horaire,Prezzo orario,Stundenpreis,Uurprijs,Precio por hora,#VALUE!,,每小时价格,
tax_,Tax(%),Tax(%),Impôt(%),Tassare(%),Steuer(%),Belasting(%),Impuesto(%),#VALUE!,,税（％）,
more_pricing_options,More Pricing Options,More Pricing Options,Plus d'options de tarification,Altre opzioni di prezzo,Weitere Preisoptionen,Meer prijsopties,Más opciones de precios,#VALUE!,,更多定价选项,
half_day_price,Half Day Price,Half Day Price,Tarif demi-journée,Prezzo mezza giornata,Halbtagespreis,Prijs voor een halve dag,Precio de medio día,#VALUE!,,半天价格,
half_day_duration,Half Day Duration (hours),Half Day Duration (hours),Durée de la demi-journée (heures),Durata di mezza giornata (ore),Halbtagsdauer (Stunden),Halve dagduur (uren),Duración de medio día (horas),#VALUE!,,半天时长（小时）,
full_day_price,Full Day Price,Full Day Price,Tarif journée complète,Prezzo per l'intera giornata,Ganztagespreis,Prijs voor een hele dag,Precio de día completo,#VALUE!,,全天价格,
full_day_duration,Full Day Duration (hours),Full Day Duration (hours),Durée de la journée complète (heures),Durata dell'intera giornata (ore),Ganztägige Dauer (Stunden),Volledige dagduur (uren),Duración del día completo (horas),#VALUE!,,全天时长（小时）,
add_tag_to_this_room,Add tags to this Room,Add tags to this Room,Ajouter des tags à cette salle,Aggiungi tag a questa stanza,Diesem Raum Tags hinzufügen,Voeg tags toe aan deze kamer,Añadir etiquetas a esta sala,#VALUE!,,为该房间添加标签,
select_location,Select Location,Select Location,Sélectionnez l'emplacement,Seleziona la posizione,Standort auswählen,Locatie selecteren,Seleccionar ubicación,#VALUE!,,选择位置,
basic_details,Basic Details,Basic Details,Détails de base,Dettagli di base,Grundlegende Details,Basisgegevens,Detalles básicos,#VALUE!,,基本细节,
pricing,Pricing,Pricing,Tarifs,Prezzi,Preise,Prijzen,Precios,#VALUE!,,定价,
features,Features,Features,Caractéristiques,Caratteristiche,Merkmale,Functies,Características,#VALUE!,,特征,
images,Images,Images,Images,Immagini,Bilder,Afbeeldingen,Imágenes,#VALUE!,,图片,
select_interest_related_to_this_room,Select Interest Related To This Room,Select Interest Related To This Room,Sélectionnez l'intérêt lié à cette pièce,Seleziona interessi correlati a questa stanza,Wählen Sie ein Interesse im Zusammenhang mit diesem Zimmer,Selecteer interesse gerelateerd aan deze kamer,Seleccione interés relacionado con esta sala,#VALUE!,,选择与此房间相关的兴趣,
requested_refunds,Requested Refunds,Requested Refunds,Remboursements demandés,Rimborsi richiesti,Angeforderte Rückerstattungen,Gevraagde terugbetalingen,Reembolsos solicitados,#VALUE!,,申请退款,
total_to_pay,Total To Pay,Total To Pay,Total à payer,Totale da pagare,Gesamtbetrag,Totaal te betalen,Total a pagar,#VALUE!,,应付总额,
your_university_school,Your University / School,Your University / School,Votre université / école,La tua università/scuola,Ihre Universität / Schule,Uw universiteit/school,Tu Universidad / Escuela,#VALUE!,,你的大学/学校,
your_bio_here,Your bio here,Your bio here,Votre bio ici,La tua biografia qui,Ihre Biografie hier,Jouw biografie hier,Tu biografía aquí,#VALUE!,,您的个人简介在这里,
send_message_to,Send message to,Send message to,Envoyer un message à,Invia messaggio a,Nachricht senden an,Stuur bericht naar,Enviar mensaje a,#VALUE!,,发送消息至,
report_user,Report User,Report User,Signaler un utilisateur,Segnala utente,Benutzer melden,Gebruiker rapporteren,Reportar usuario,#VALUE!,,举报用户,
interest,Interest,Interest,Intérêt,Interesse,Interesse,Interesse,Interés,#VALUE!,,兴趣,
opening_times,Opening Times,Opening Times,Horaires d'ouverture,Orari di apertura,Öffnungszeiten,Openingstijden,Horarios de apertura,#VALUE!,,营业时间,
contact_details,Contact Details,Contact Details,Coordonnées,Dettagli di contatto,Kontaktdetails,Contactgegevens,Datos de contacto,#VALUE!,,联系方式,
a,a,a,un,UN,A,A,a,#VALUE!,,一个,
t,t,t,t,T,T,T,el,#VALUE!,,吨,
w,w,w,w,io,w,w,w,#VALUE!,,西,
e,e,e,et,e,e,en,mi,#VALUE!,,e,
are_you_sure_you_want_to_cancel_this_booking,Are You Sure You Want To Cancel This Booking?,Are You Sure You Want To Cancel This Booking?,Êtes-vous sûr de vouloir annuler cette réservation ?,Sei sicuro di voler annullare questa prenotazione?,Möchten Sie diese Buchung wirklich stornieren?,Weet u zeker dat u deze boeking wilt annuleren?,¿Está seguro que desea cancelar esta reserva?,#VALUE!,,您确定要取消此预订吗？,
unblocked_user,Unblock User,Unblock User,Débloquer l'utilisateur,Sblocca utente,Benutzer entsperren,Gebruiker deblokkeren,Desbloquear usuario,#VALUE!,,解除阻止用户,
block_user,Block User,Block User,Bloquer l'utilisateur,Blocca utente,Benutzer blockieren,Gebruiker blokkeren,Bloquear usuario,#VALUE!,,阻止用户,
congratulations,Congratulations,Congratulations,Félicitations,Congratulazioni,Glückwunsch,Gefeliciteerd,Felicidades,Llongyfarchiadau,,恭喜,
enter_your_information,Enter Your Information,Enter Your Information,Entrez vos informations,Inserisci le tue informazioni,Geben Sie Ihre Informationen ein,Voer uw gegevens in,Ingrese su información,Rhowch Eich Gwybodaeth,,输入您的信息,
refund_reason,Refund Reason,Refund Reason,Motif du remboursement,Motivo del rimborso,Grund der Rückerstattung,Reden voor terugbetaling,Motivo del reembolso,#VALUE!,,退款原因,
helpdesk_available_empty_message,You don't have any pending packages to be collected at the moment. You will be notified once one is delivered.,You don't have any pending packages to be collected at the moment. You will be notified once one is delivered.,Vous n'avez aucun colis en attente de retrait pour le moment. Vous serez averti dès qu'un colis sera livré.,Al momento non ci sono pacchi in attesa di ritiro. Riceverai una notifica non appena ne verrà consegnato uno.,"Zurzeit stehen keine Pakete zur Abholung bereit. Sie werden benachrichtigt, sobald eines geliefert wird.",Er zijn momenteel geen pakketten die opgehaald moeten worden. U ontvangt een melding zodra er een pakket is bezorgd.,No tienes ningún paquete pendiente de recoger en este momento. Recibirás una notificación cuando se entregue uno.,Nid oes gennych unrhyw becynnau yn yr arfaeth i'w casglu ar hyn o bryd. Byddwch yn cael gwybod os bydd un yn cael ei ddanfon.,,您目前没有待领取的包裹。包裹送达后，我们会通知您。,
delete_your_profile_all_your_chat_messages_posts_and_close_your_account,"Delete your profile, all your chat messages, posts, and close your account.","Delete your profile, all your chat messages, posts, and close your account.","Supprimez votre profil, tous vos messages de discussion, vos publications et fermez votre compte.","Elimina il tuo profilo, tutti i tuoi messaggi di chat, i post e chiudi il tuo account.","Löschen Sie Ihr Profil, alle Ihre Chatnachrichten und Beiträge und schließen Sie Ihr Konto.","Verwijder uw profiel, alle chatberichten, berichten en sluit uw account.","Elimina tu perfil, todos tus mensajes de chat, publicaciones y cierra tu cuenta.",#VALUE!,,删除您的个人资料、所有聊天消息、帖子并关闭您的帐户。,
complete_your_profile_to_introduce_yourself_to_others_in_the_community,Complete your profile to introduce yourself to others in the community.,Complete your profile to introduce yourself to others in the community.,Complétez votre profil pour vous présenter aux autres membres de la communauté.,Completa il tuo profilo per presentarti agli altri membri della community.,"Vervollständigen Sie Ihr Profil, um sich anderen in der Community vorzustellen.",Maak uw profiel compleet om uzelf voor te stellen aan anderen in de community.,Completa tu perfil para presentarte a otros en la comunidad.,#VALUE!,,完善您的个人资料，向社区中的其他人介绍自己。,
sign_nn,Sign in,Sign in,Se connecter,Registrazione,anmelden,Aanmelden,Iniciar sesión,Aanmelden,,登入,
see_translation,See Translation,See Translation,Voir la traduction,Vedi traduzione,Siehe Übersetzung,Zie vertaling,Ver traducción,Zie Vertaling,,参见翻译,
allow_key_access,Allow Key Access,Allow Key Access,Autoriser l'accès aux clés,Consenti l'accesso alla chiave,Schlüsselzugriff zulassen,Sleuteltoegang toestaan,Permitir acceso a claves,sleuteltoegang toestaan,,允许密钥访问,
alow_key_acces_headingone,Give the staff permission to access your room for repairs without you being present,Give the staff permission to access your room for repairs without you being present,Autorisez le personnel à accéder à votre chambre pour effectuer des réparations sans votre présence,Concedi al personale il permesso di accedere alla tua stanza per le riparazioni senza la tua presenza,"Erteilen Sie dem Personal die Erlaubnis, Ihr Zimmer für Reparaturen ohne Ihre Anwesenheit zu betreten",Geef het personeel toestemming om uw kamer te betreden voor reparaties zonder dat u aanwezig bent,Dar permiso al personal para acceder a su habitación para realizar reparaciones sin su presencia.,Geef het personeel toestemming om uw kamer te betreden voor reparaties zonder dat u aanwezig bent,,允许工作人员在您不在场的情况下进入您的房间进行维修,
alow_key_acces_headingtwo,Give permission to staff to be able to access your flat to carry out the repair,Give permission to staff to be able to access your flat to carry out the repair,Autoriser le personnel à accéder à votre appartement pour effectuer la réparation,Autorizza il personale ad accedere al tuo appartamento per effettuare la riparazione,"Erteilen Sie dem Personal die Erlaubnis, Ihre Wohnung zu betreten, um die Reparatur durchzuführen",Geef het personeel toestemming om toegang te krijgen tot uw appartement om de reparatie uit te voeren,Dar permiso al personal para poder acceder a su apartamento para realizar la reparación.,Geef toestemming aan het personeel om toegang te krijgen tot uw appartement om de reparatie uit te voeren,,允许工作人员进入您的公寓进行维修,
my_tickets,My Tickets,My Tickets,Mes billets,I miei biglietti,Meine Tickets,Mijn tickets,Mis entradas,Fy Nhocynnau,,我的票,
create_post,Create Post,Create Post,Créer une publication,Crea post,Beitrag erstellen,Bericht maken,Crear publicación,Creu Post,,创建帖子,
create_story,Create Story,Create Story,Créer une histoire,Crea una storia,Story erstellen,Verhaal maken,Crear historia,Creu Stori,,创建故事,
create_chat,Create Chat,Create Chat,Créer une discussion,Crea chat,Chat erstellen,Chat maken,Crear chat,Creu Sgwrs,,创建聊天,
tap_to_scan,Tap to Scan,Tap to Scan,Appuyez pour numériser,Tocca per scansionare,Zum Scannen tippen,Tik om te scannen,Toque para escanear,Tap i Sganio,,点击扫描,
create_a_post,Create a Post,Create a Post,Créer une publication,Crea un post,Einen Beitrag erstellen,Een bericht maken,Crear una publicación,Creu Post,,创建帖子,
give_permission,Give permission,Give permission,Donner la permission,Dare il permesso,Erlaubnis erteilen,Geef toestemming,Dar permiso,Rhowch ganiat√¢d,,授予权限,
permission_denied,Permission denied,Permission denied,Permission refusée,Permesso negato,Zugriff verweigert,Toestemming geweigerd,Permiso denegado,Caniat√¢d wedi ei wrthod,,没有权限,
enter_your_email,Enter your email,Enter your email,Entrez votre email,Inserisci la tua email,Geben Sie Ihre E-Mail ein,Voer uw e-mailadres in,Introduce tu correo electrónico,Rhowch eich e-bost,,输入您的电子邮件,
log_out_conf_text,Are you sure you want to logout?,Are you sure you want to logout?,Etes-vous sûr de vouloir vous déconnecter ?,Sei sicuro di voler uscire?,Möchten Sie sich wirklich abmelden?,Weet u zeker dat u wilt uitloggen?,¿Estás seguro que deseas cerrar la sesión?,Ydych chi'n si≈µr eich bod am allgofnodi?,,您确定要退出吗？,
delete_profile_text,Are you sure you want to delete your profile?,Are you sure you want to delete your profile?,Etes-vous sûr de vouloir supprimer votre profil ?,Sei sicuro di voler eliminare il tuo profilo?,Möchten Sie Ihr Profil wirklich löschen?,Weet u zeker dat u uw profiel wilt verwijderen?,¿Estás seguro que deseas eliminar tu perfil?,Ydych chi'n si≈µr eich bod am ddileu proffil?,,您确定要删除您的个人资料吗？,
reason_for_reported_user,Write your reason for reporting the user here,Write your reason for reporting the user here,Écrivez ici la raison pour laquelle vous signalez l'utilisateur,Scrivi qui il motivo per cui segnali l'utente,Geben Sie hier den Grund für die Meldung des Benutzers ein.,Schrijf hier uw reden op waarom u de gebruiker meldt,Escribe aquí el motivo por el que denuncias al usuario,Ysgrifennwch eich rheswm dros adrodd amdanynt yma,,在此处写下您举报该用户的原因,
your_issues,Your Issues,Your Issues,Vos problèmes,I tuoi problemi,Ihre Probleme,Uw problemen,Tus problemas,Eich Materion,,你的问题,
please_enter_reason,Please enter reason,Please enter Reason,Veuillez saisir la raison,Inserisci il motivo,Bitte geben Sie den Grund ein,Voer een reden in,Por favor ingrese el motivo,Rhowch Rheswm,,请输入原因,
edit_social_media_title,Edit social media profiles to showcase your social activities.,Edit social media profiles to showcase your social activities.,Modifiez les profils de réseaux sociaux pour présenter vos activités sociales.,Modifica i profili dei social media per mettere in mostra le tue attività sui social.,"Bearbeiten Sie Social-Media-Profile, um Ihre sozialen Aktivitäten zu präsentieren.",Bewerk socialemediaprofielen om uw sociale activiteiten te laten zien.,Edite sus perfiles de redes sociales para mostrar sus actividades sociales.,Golygu proffiliau cyfryngau cymdeithasol i arddangos eich gweithgareddau cymdeithasol.,,编辑社交媒体资料以展示您的社交活动。,
reason_for_reported_post,Write your reason for reporting the Post,Write your reason for reporting the Post,Écrivez la raison pour laquelle vous signalez la publication,Scrivi il motivo per cui segnali il Post,Schreiben Sie den Grund für die Meldung des Beitrags,Schrijf uw reden op voor het melden van de Post,Escribe tu motivo para reportar la publicación,Ysgrifennwch eich rheswm dros adrodd am y Post,,写下你举报该帖子的原因,
leaveg_group,Leave Group,Leave Group,Quitter le groupe,Lascia il gruppo,Gruppe verlassen,Groep verlaten,Salir del grupo,Gadael y Gr≈µp,,离开群组,
hide_notifications,Hide Notifications,Hide Notifications,Masquer les notifications,Nascondi notifiche,Benachrichtigungen ausblenden,Meldingen verbergen,Ocultar notificaciones,Cuddio Hysbysiadau,,隐藏通知,
show_notifications,Show Notifications,Show Notifications,Afficher les notifications,Mostra notifiche,Benachrichtigungen anzeigen,Meldingen weergeven,Mostrar notificaciones,Dangos Hysbysiadau,,显示通知,
leave_chat,Leave Chat,Leave Chat,Quitter le chat,Lascia la chat,Chat verlassen,Chat verlaten,Salir del chat,Gadael Sgwrs,,离开聊天,
cancelled_refund_requested,Cancel/Refund Requested,Cancel/Refund Requested,Annulation/remboursement demandé,Annullamento/Rimborso richiesto,Stornierung/Rückerstattung angefordert,Annulering/Terugbetaling aangevraagd,Solicitud de cancelación/reembolso,Canslo/Cais am Ad-daliad,,已请求取消/退款,
user_reported,User Reported,User Reported,Signalé par l'utilisateur,Segnalato dall'utente,Vom Benutzer gemeldet,Door gebruiker gerapporteerd,Usuario reportado,Adroddwyd gan y Defnyddiwr,,用户举报,
scan_package_alert_message,Point your device at a  package label to send a delivery alert.,Point your device at a  package label to send a delivery alert.,Dirigez votre appareil vers l’étiquette d’un colis pour envoyer une alerte de livraison.,Punta il tuo dispositivo sull'etichetta di un pacco per inviare un avviso di consegna.,"Richten Sie Ihr Gerät auf ein Paketetikett, um eine Zustellbenachrichtigung zu senden.",Richt uw apparaat op een pakketlabel om een ​​bezorgmelding te ontvangen.,Apunte su dispositivo a la etiqueta de un paquete para enviar una alerta de entrega.,Pwyntiwch eich dyfais at label pecyn i anfon rhybudd danfon.,,将您的设备对准包裹标签即可发送送货警报。,
Issues,Issues,Issues,Problèmes,Problemi,Probleme,Problemen,Asuntos,Materion,,问题,
edit_issue,Edit Issue,Edit Issue,Modifier le problème,Modifica problema,Problem bearbeiten,Probleem bewerken,Editar problema,Golygu Rhifyn,,编辑问题,
comments,Comments,Comments,Commentaires,Commenti,Kommentare,Reacties,Comentarios,Sylwadau,,评论,
like,Like,Like,Comme,Come,Wie,Leuk vinden,Como,Hoffi,,喜欢,
my_requests,My Requests,My Requests,Mes demandes,Le mie richieste,Meine Anfragen,Mijn verzoeken,Mis peticiones,Fy Ngheisiadau,,我的请求,
cancel_tickets,Cancel Tickets,Cancel Tickets,Annuler les billets,Annulla i biglietti,Tickets stornieren,Tickets annuleren,Cancelar entradas,Canslo Tocynnau,,取消门票,
have_your_plans_changed,Have your plans changed?,Have your plans changed?,Vos plans ont changé ?,I tuoi piani sono cambiati?,Haben sich Ihre Pläne geändert?,Zijn uw plannen gewijzigd?,¿Han cambiado tus planes?,Ydy eich cynlluniau wedi newid?,,你的计划有改变吗？,
What_has_caused_this,What has caused this?,What has caused this?,Qu'est-ce qui a provoqué cela ?,Cosa ha causato questo?,Was hat das verursacht?,Wat is de oorzaak hiervan?,¿Qué ha causado esto?,Beth sydd wedi achosi hyn?,,是什么原因导致的？,
how_many_tickets_cancel,How many tickets would you like to cancel?,How many tickets would you like to cancel?,Combien de billets souhaitez-vous annuler ?,Quanti biglietti vuoi annullare?,Wie viele Tickets möchten Sie stornieren?,Hoeveel tickets wilt u annuleren?,¿Cuantos billetes te gustaría cancelar?,Faint o docynnau hoffech chi eu canslo?,How many tickets would you like to cancel?,您想取消多少张票？,
please_select_reason,Please select a reason,Please select a reason,Veuillez sélectionner une raison,Seleziona un motivo,Bitte wählen Sie einen Grund aus,Selecteer een reden,Por favor seleccione un motivo,Dewiswch reswm,Please select reason,请选择一个原因,
please_enter_number_of_tickets,Please enter number of tickets,Please enter number of tickets,Veuillez saisir le nombre de billets,Inserisci il numero di biglietti,Bitte geben Sie die Anzahl der Tickets ein,Voer het aantal tickets in,"Por favor, introduzca el número de entradas",Nodwch nifer y tocynnau,Please enter number of tickets,请输入票数,
OpenInbox,Open Inbox,Open Inbox,Ouvrir la boîte de réception,Apri Posta in arrivo,Posteingang öffnen,Open Postvak IN,Abrir bandeja de entrada,Agor Blwch Derbyn,Obriu la safata d'entrada,"打开收件箱
",
Arsehole,Arsehole,Arsehole,Connard,Stronzo,Arschloch,Eikel,Gilipollas,Twll pen-ôl,Cul,屁眼,
Asshole,Asshole,Asshole,Connard,Stronzo,Arschloch,Eikel,Estúpido,Twll Asyn,Idiota,混蛋,
Ahole,Ahole,Ahole,Connard,Stronzo,Arschloch,Eikel,imbécil,Twll,Ahole,混蛋,
Asshole,Asshole,Asshole,Connard,Stronzo,Arschloch,Eikel,Estúpido,Twll Asyn,Idiota,混蛋,
Assholes,Assholes,Assholes,Connards,Stronzi,Arschlöcher,Eikels,imbéciles,Tyllau Asyn,Idiotes,混蛋,
Bastard,Bastard,Bastard,Bâtard,Bastardo,Bastard,Bastaard,Bastardo,Bastard,Bastard,混蛋,
Bastards,Bastards,Bastards,Salauds,Bastardi,Bastarde,Klootzakken,Bastardos,Bastardiaid,Bastards,混蛋,
Bitch,Bitch,Bitch,Chienne,Cagna,Hündin,Teef,Perra,gast,Puta,婊子,
Bitches,Bitches,Bitches,Salopes,Cagne,Schlampen,Hoeren,Perras,Geist,Putes,婊子,
Bellend,Bellend,Bellend,Bellend,Bellend,Vollidiot,Bellend,Imbécil,Bellend,Bellend,贝尔恩德,
Bollocks,Bollocks,Bollocks,Foutues,Sciocchezze,Blödsinn,Onzin,Cojones,Bollocks,Collons,胡说,
Bugger,Bugger,Bugger,Salaud,Insetto,Mistkerl,Verdomme,Tío,Byrbryd,Caçador,混蛋,
Bullshit,Bullshit,Bullshit,Connerie,Stronzate,Bullshit,Onzin,Mierda,Lol,Merda,废话,
Crap,Crap,Crap,Merde,Merda,Mist,Stront,Tonterías,Cachu,Merda,垃圾,
Cunt,Cunt,Cunt,Chatte,Troia,Fotze,Kut,Coño,Cunt,Cony,婊子,
Cunts,Cunts,Cunts,Connards,Stronzi,Schlampen,Kutten,cabrones,Cuntiau,Conys,混蛋,
C*nt,C*nt,C*nt,Connard,Stronzo,Schlampe,Kut,C*nt,C*nt,Cony,C*nt,
Clunge,Clunge,Clunge,Clunge,Aggrapparsi,Clunge,Duik,Empujón,Clynnu,Clunge,紧握,
Cock,Cock,Cock,Coq,Cazzo,Schwanz,Pik,Polla,Ceiliog,Polla,公鸡,
Dick,Dick,Dick,Queue,Cazzo,Dick,Dick,Polla,Dick,Dick,迪克,
Dickheads,Dickheads,Dickheads,Connards,Teste di cazzo,Arschlöcher,Eikels,idiotas,Pennau gwallgof,Caps de puta,混蛋,Please select reason
Dickhead,Dickhead,Dickhead,Connard,Stronzo,Arschloch,Eikel,Gilipollas,Pen-y-pwnc,Cap de puta,混蛋,Please enter number of tickets
Dyke,Dyke,Dyke,Digue,Diga,Deich,Dijk,Dique,Clawdd,Dyke,堤防,
Fag,Fag,Fag,Pédé,Frocio,Kippe,Homo,Maricón,Ffag,Maricó,烟,
Feck,Feck,Feck,Putain,Feck,Feck,Verdomme,Mierda,Feck,Feck,费克,
Fecking,Fecking,Fecking,Putain,Cazzo,Verdammt,Verdomme,Joder,Ffecio,Maleït,操,
Fuck,Fuck,Fuck,Putain,Fanculo,Scheiße,Neuken,Mierda,Ffyc,Merda,他妈的,
Fucking,Fucking,Fucking,Putain de,Fottuto,Ficken,Verdomme,Maldito,Ffycio,Fotent,操,
Fuckwit,Fuckwit,Fuckwit,Connard,Stronzo,Vollidiot,Sukkel,imbécil,Ffwc,Puta,傻逼,
Fuckwitt,Fuckwitt,Fuckwitt,Putain,Stronzo,Vollidiot,Sukkel,Idiota,Fuckwitt,Fotut,傻逼,
Motherfucker,Motherfucker,Motherfucker,Connard,Figlio di puttana,Hurensohn,Klootzak,Hijo de puta,Mam-ffwc,Fill de puta,混蛋,
Minge,Minge,Minge,Minge,Minge,Scham,Minge,Minge,Minge,Minge,明格,
Prick,Prick,Prick,Piquer,Puntura,Stechen,Prik,Pinchazo,Pig,Punxa,刺,
Pricks,Pricks,Pricks,Piqûres,Punture,Stacheln,Klootzakken,Pinchos,Pigau,Punxades,刺痛,
pillocks,pillocks,pillocks,imbéciles,cuscini,Idioten,idioten,idiotas,pillogau,píllocs,傻瓜,
Pussy,Pussy,Pussy,Chatte,Topolina,Muschi,Kutje,Coño,Pussy,Vagina,猫,
Retard,Retard,Retard,Retard,Ritardare,Verzögern,Vertragen,Retardar,Arafu,Retard,减速,
Retards,Retards,Retards,Retardés,Ritardati,Behinderte,Debielen,Retrasados,Oedi,Retardats,弱智,
Shit,Shit,Shit,Merde,Merda,Scheiße,Verdomme,Mierda,Cachu,Merda,拉屎,
Shite,Shite,Shite,Merde,Shite,Scheiße,Klote,Mierda,Cachu,Merda,屎,
Shitting,Shitting,Shitting,Chier,cagare,Scheißen,Poepen,Cagar,Cachu,Cagant,拉屎,
Slut,Slut,Slut,Salope,Puttana,Schlampe,Slet,Puta,Putein,Puta,荡妇,
Snatch,Snatch,Snatch,Arracher,Strappare,Schnapp dir,Rukken,Arrebatar,Cipian,Arrabassar,抢夺,
Titties,Titties,Titties,Seins,Tette,Titten,Borsten,tetas,Titiau,Mamelles,乳房,
Tossers,Tossers,Tossers,Lanceurs,Stronzi,Werfer,Eikels,Lanzadores,Taflwyr,Llançadors,投掷者,
Tosser,Tosser,Tosser,Tosser,Idiota,Werfer,Eikel,Tosser,Taflwr,Llançador,托瑟,
Twat,Twat,Twat,Chatte,Stronzo,Arschloch,Sukkel,Coño,Twt,Coño,混蛋,
Twatted,Twatted,Twatted,Twatted,Stupido,Twatted,Getweet,Twatted,Wedi'i orchuddio,Cop,推特,
Wank,Wank,Wank,Branlette,Masturbazione,Wichsen,Masturberen,Hacerse una paja,Wank,Masturbar-se,撸管,
Wanker,Wanker,Wanker,Connard,Stronzo,Wichser,Sukkel,Gilipollas,Wanker,Imbècil,混蛋,
Wankers,Wankers,Wankers,Connards,Stronzi,Wichser,Sukkel,gilipollas,Wankers,Idiotes,混蛋,
Whore,Whore,Whore,Putain,Puttana,Hure,Hoer,Puta,Putain,Puta,妓女,
Arse,Arse,Arse,Cul,Culo,Arsch,Kont,Culo,Pen-ôl,Cul,屁股,
Mong,Mong,Mong,Mong,Mong,Mong,Mong,Mong,Mong,Mong,蒙,
Tits,Tits,Tits,Seins,Tette,Titten,Borsten,Tetas,Titwau,Mamelles,乳房,
Boobs,Boobs,Boobs,Seins,Tette,Brüste,Borsten,Tetas,Bronnau,Pits,胸部,
Knob_Nob,Knob / Nob,Knob / Nob,Bouton_Nob,Manopola_manopola,Knob_Nob,Knop_Nob,Perilla,Knob_Nob,Knob_Nob,旋钮,
Faggot,Faggot,Faggot,Fagot,frocio,Schwuchtel,Flikker,Maricón,Ffagot,Maricó,柴草,
Nigger_Nigga,Nigger / Nigga,Nigger / Nigga,Nigger_Nigga,Nigger_Nigga,Nigger_Nigga,Nigger_Nigga,Negro_Negro,Nigger_Nigra,Nigger_Nigga,黑鬼_黑鬼,
Tranny,Tranny,Tranny,Trans,Transessuale,Getriebe,Transseksueel,Travesti,Tranny,Transsexual,变性人,
Kikes,Kikes,Kikes,Juifs,Ebrei,Juden,Joden,Kikes,Cicau,Kikes,犹太教徒,
Cocksucker,Cocksucker,Cocksucker,suceur de bite,Succhiacazzi,Schwanzlutscher,Klootzak,Chupapollas,Sugnwr ceiliog,Xocolata,口交者,
Fucker,Fucker,Fucker,Enfoiré,Coglione,Ficker,Klootzak,Cabron,Ffycwr,Puto,笨蛋,
Sheepshagger,Sheepshagger,Sheepshagger,Sheepshagger,Pecora,Schafsficker,Schapenneus,Cosquitero,Defaid,Esfilagarsador d'ovelles,牧羊人,
Nonce,Nonce,Nonce,Nonce,Pedone,Pädophilie,Nonce,Mientras tanto,Nonce,Nonce,随机数,
Chink,Chink,Chink,Fente,Cinese,Spalt,Chink,Grieta,Chinc,Xinxat,中国,
Pikey,Pikey,Pikey,Pikey,Pikey,Pikey,Pikey,Pikey,Pikey,Pikey,皮基,
Gypo,Gypo,Gypo,Gypo,Gypo,Zigeuner,Gypo,Gypo,Gypo,Gypo,吉波,
Yid,Yid,Yid,Yid,Ebreo,Juden,Jood,Yid,Iddew,Jida,犹太人,
Ike_Ikey,Ike/Ikey,Ike/Ikey,Ike_Ikey,Ike_Ikey,Ike_Ikey,Ike_Ikey,Ike_Ikey,Ike_Ikey,Ike_Ikey,艾克·艾基,
Paki,Paki,Paki,Paki,Paki,Paki,Paki,paquistaní,Paci,Paquistaní,巴基斯坦,
Rape,Rape,Rape,Râpé,Stupro,Vergewaltigen,Verkrachting,Violación,Treisio,Violació,强奸,
Kill,Kill,Kill,Tuer,Uccisione,Töten,Doden,Matar,Lladd,Matar,杀,
